object_id,timestep,labelimage_oid,User Label,Predicted Class,Probability of Pore,Probability of na,Convexity,Defect Center_0,Defect Center_1,Defect Center_2,Number of Defects,Mean Defect Displacement,Kurtosis of Defect Area,Mean Defect Area,Skewness of Defect Area,Variance of Defect Area,Convex Hull Center_0,Convex Hull Center_1,Convex Hull Center_2,Convex Hull Area,Object Center_0,Object Center_1,Object Center_2,Object Area,Bounding Box Maximum_0,Bounding Box Maximum_1,Bounding Box Maximum_2,Bounding Box Minimum_0,Bounding Box Minimum_1,Bounding Box Minimum_2,Size in pixels,Center of the object_0,Center of the object_1,Center of the object_2,Histogram of Intensity_0,Histogram of Intensity_1,Histogram of Intensity_2,Histogram of Intensity_3,Histogram of Intensity_4,Histogram of Intensity_5,Histogram of Intensity_6,Histogram of Intensity_7,Histogram of Intensity_8,Histogram of Intensity_9,Histogram of Intensity_10,Histogram of Intensity_11,Histogram of Intensity_12,Histogram of Intensity_13,Histogram of Intensity_14,Histogram of Intensity_15,Histogram of Intensity_16,Histogram of Intensity_17,Histogram of Intensity_18,Histogram of Intensity_19,Histogram of Intensity_20,Histogram of Intensity_21,Histogram of Intensity_22,Histogram of Intensity_23,Histogram of Intensity_24,Histogram of Intensity_25,Histogram of Intensity_26,Histogram of Intensity_27,Histogram of Intensity_28,Histogram of Intensity_29,Histogram of Intensity_30,Histogram of Intensity_31,Histogram of Intensity_32,Histogram of Intensity_33,Histogram of Intensity_34,Histogram of Intensity_35,Histogram of Intensity_36,Histogram of Intensity_37,Histogram of Intensity_38,Histogram of Intensity_39,Histogram of Intensity_40,Histogram of Intensity_41,Histogram of Intensity_42,Histogram of Intensity_43,Histogram of Intensity_44,Histogram of Intensity_45,Histogram of Intensity_46,Histogram of Intensity_47,Histogram of Intensity_48,Histogram of Intensity_49,Histogram of Intensity_50,Histogram of Intensity_51,Histogram of Intensity_52,Histogram of Intensity_53,Histogram of Intensity_54,Histogram of Intensity_55,Histogram of Intensity_56,Histogram of Intensity_57,Histogram of Intensity_58,Histogram of Intensity_59,Histogram of Intensity_60,Histogram of Intensity_61,Histogram of Intensity_62,Histogram of Intensity_63,Histogram of Intensity in neighborhood_0,Histogram of Intensity in neighborhood_1,Histogram of Intensity in neighborhood_2,Histogram of Intensity in neighborhood_3,Histogram of Intensity in neighborhood_4,Histogram of Intensity in neighborhood_5,Histogram of Intensity in neighborhood_6,Histogram of Intensity in neighborhood_7,Histogram of Intensity in neighborhood_8,Histogram of Intensity in neighborhood_9,Histogram of Intensity in neighborhood_10,Histogram of Intensity in neighborhood_11,Histogram of Intensity in neighborhood_12,Histogram of Intensity in neighborhood_13,Histogram of Intensity in neighborhood_14,Histogram of Intensity in neighborhood_15,Histogram of Intensity in neighborhood_16,Histogram of Intensity in neighborhood_17,Histogram of Intensity in neighborhood_18,Histogram of Intensity in neighborhood_19,Histogram of Intensity in neighborhood_20,Histogram of Intensity in neighborhood_21,Histogram of Intensity in neighborhood_22,Histogram of Intensity in neighborhood_23,Histogram of Intensity in neighborhood_24,Histogram of Intensity in neighborhood_25,Histogram of Intensity in neighborhood_26,Histogram of Intensity in neighborhood_27,Histogram of Intensity in neighborhood_28,Histogram of Intensity in neighborhood_29,Histogram of Intensity in neighborhood_30,Histogram of Intensity in neighborhood_31,Histogram of Intensity in neighborhood_32,Histogram of Intensity in neighborhood_33,Histogram of Intensity in neighborhood_34,Histogram of Intensity in neighborhood_35,Histogram of Intensity in neighborhood_36,Histogram of Intensity in neighborhood_37,Histogram of Intensity in neighborhood_38,Histogram of Intensity in neighborhood_39,Histogram of Intensity in neighborhood_40,Histogram of Intensity in neighborhood_41,Histogram of Intensity in neighborhood_42,Histogram of Intensity in neighborhood_43,Histogram of Intensity in neighborhood_44,Histogram of Intensity in neighborhood_45,Histogram of Intensity in neighborhood_46,Histogram of Intensity in neighborhood_47,Histogram of Intensity in neighborhood_48,Histogram of Intensity in neighborhood_49,Histogram of Intensity in neighborhood_50,Histogram of Intensity in neighborhood_51,Histogram of Intensity in neighborhood_52,Histogram of Intensity in neighborhood_53,Histogram of Intensity in neighborhood_54,Histogram of Intensity in neighborhood_55,Histogram of Intensity in neighborhood_56,Histogram of Intensity in neighborhood_57,Histogram of Intensity in neighborhood_58,Histogram of Intensity in neighborhood_59,Histogram of Intensity in neighborhood_60,Histogram of Intensity in neighborhood_61,Histogram of Intensity in neighborhood_62,Histogram of Intensity in neighborhood_63,Kurtosis of Intensity,Kurtosis of Intensity in neighborhood,Maximum intensity,Maximum intensity in neighborhood,Mean Intensity,Mean Intensity in neighborhood,Minimum intensity,Minimum intensity in neighborhood,Quantiles of Intensity_0,Quantiles of Intensity_1,Quantiles of Intensity_2,Quantiles of Intensity_3,Quantiles of Intensity_4,Quantiles of Intensity_5,Quantiles of Intensity_6,Principal components of the object_0,Principal components of the object_1,Principal components of the object_2,Principal components of the object_3,Principal components of the object_4,Principal components of the object_5,Principal components of the object_6,Principal components of the object_7,Principal components of the object_8,Radii of the object_0,Radii of the object_1,Radii of the object_2,Skewness of Intensity,Skewness of Intensity in neighborhood,Total Intensity,Total Intensity in neighborhood,Variance of Intensity,Variance of Intensity in neighborhood
0,0,1,0,Pore,1.0,0.0,0.4494318,31.52838,100.71878,76.119194,1.0,1.4625646,0.0,3876.0,0.0,0.0,31.5,100.5,75.5,7040.0,31.465235,100.23199,74.74146,3164.0,43.0,109.0,86.0,21.0,93.0,66.0,3164.0,31.465235,100.23199,74.74146,613.0,294.0,382.0,323.0,347.0,268.0,243.0,192.0,156.0,111.0,77.0,54.0,29.0,28.0,17.0,9.0,7.0,5.0,3.0,4.0,0.0,0.0,0.0,1.0,1.0,0.0,0.0,0.0,0.0,0.0,0.0,0.0,0.0,0.0,0.0,0.0,0.0,0.0,0.0,0.0,0.0,0.0,0.0,0.0,0.0,0.0,0.0,0.0,0.0,0.0,0.0,0.0,0.0,0.0,0.0,0.0,0.0,0.0,0.0,0.0,0.0,0.0,0.0,0.0,5773.0,2460.0,3058.0,3537.0,3852.0,4128.0,4383.0,3419.0,4693.0,4600.0,4514.0,4235.0,4001.0,3503.0,3170.0,2162.0,2473.0,2181.0,1881.0,1573.0,1323.0,1092.0,854.0,533.0,565.0,516.0,407.0,345.0,272.0,244.0,176.0,126.0,137.0,111.0,85.0,58.0,52.0,44.0,38.0,19.0,22.0,15.0,9.0,7.0,4.0,6.0,2.0,0.0,3.0,2.0,1.0,2.0,2.0,2.0,1.0,1.0,0.0,0.0,0.0,0.0,0.0,0.0,0.0,1.0,1.1412762,0.9955235,97.0,248.0,17.26201,40.157475,0.0,0.0,0.0,2.0565355,6.3966837,15.567434,26.300154,36.921875,97.0,-0.92038244,0.38127792,-0.086736836,0.083883464,-0.024131797,-0.99618334,0.3819158,0.92414546,0.009772428,5.228416,3.784744,3.5188322,0.9725099,0.81642103,54617.0,3078994.0,202.9677,739.5161
1,0,2,0,Pore,1.0,0.0,0.44597068,3.846281,114.77851,71.77851,1.0,2.0585454,0.0,605.0,0.0,0.0,3.0,114.5,72.0,1092.0,1.9486653,114.15401,72.275154,487.0,7.0,121.0,79.0,0.0,109.0,66.0,487.0,1.9486653,114.15401,72.275154,87.0,36.0,31.0,56.0,53.0,56.0,37.0,31.0,26.0,28.0,12.0,9.0,5.0,9.0,2.0,3.0,2.0,1.0,1.0,1.0,1.0,0.0,0.0,0.0,0.0,0.0,0.0,0.0,0.0,0.0,0.0,0.0,0.0,0.0,0.0,0.0,0.0,0.0,0.0,0.0,0.0,0.0,0.0,0.0,0.0,0.0,0.0,0.0,0.0,0.0,0.0,0.0,0.0,0.0,0.0,0.0,0.0,0.0,0.0,0.0,0.0,0.0,0.0,0.0,1355.0,476.0,614.0,751.0,830.0,1017.0,1075.0,1200.0,1678.0,1345.0,1265.0,1192.0,1211.0,1095.0,966.0,943.0,1060.0,652.0,643.0,529.0,490.0,453.0,387.0,346.0,380.0,267.0,237.0,220.0,154.0,159.0,104.0,106.0,96.0,59.0,59.0,40.0,40.0,36.0,19.0,27.0,26.0,19.0,18.0,14.0,7.0,9.0,4.0,10.0,6.0,2.0,5.0,3.0,2.0,1.0,2.0,0.0,1.0,0.0,0.0,0.0,0.0,1.0,0.0,1.0,0.7748147,1.2881601,80.0,200.0,19.66119,38.65103,0.0,0.0,0.0,2.230334,7.830404,18.455925,29.079512,39.45954,80.0,0.08361354,0.10756489,-0.9906758,-0.5227319,-0.84165907,-0.13550389,0.84838676,-0.52918786,0.014146496,3.3369894,2.2059507,1.5269377,0.8461669,0.91262496,9575.0,916300.0,237.62444,628.962
2,0,3,Pore,Pore,1.0,0.0,0.073320635,144.3755,244.44252,99.45597,1.0,28.992292,0.0,836532.0,0.0,0.0,146.5,244.5,99.5,902720.0,173.35097,245.22646,100.05649,66188.0,251.0,280.0,131.0,43.0,210.0,69.0,66188.0,173.35097,245.22646,100.05649,351.0,1059.0,2427.0,4174.0,6067.0,7503.0,8226.0,7746.0,6871.0,5542.0,4419.0,3150.0,2504.0,1767.0,1271.0,916.0,645.0,509.0,331.0,211.0,163.0,115.0,64.0,56.0,33.0,17.0,17.0,9.0,9.0,6.0,2.0,3.0,3.0,1.0,0.0,1.0,0.0,0.0,0.0,0.0,0.0,0.0,0.0,0.0,0.0,0.0,0.0,0.0,0.0,0.0,0.0,0.0,0.0,0.0,0.0,0.0,0.0,0.0,0.0,0.0,0.0,0.0,0.0,0.0,4759.0,4996.0,8395.0,11856.0,15339.0,18531.0,21459.0,24099.0,27046.0,29097.0,29898.0,29707.0,28433.0,26427.0,24672.0,22999.0,20844.0,18849.0,16939.0,15383.0,13463.0,12193.0,10608.0,9383.0,8260.0,7288.0,6478.0,5643.0,4985.0,4385.0,3848.0,3437.0,2942.0,2644.0,2358.0,2028.0,1687.0,1508.0,1413.0,1191.0,1052.0,966.0,817.0,724.0,638.0,535.0,495.0,482.0,380.0,333.0,280.0,275.0,214.0,191.0,181.0,168.0,119.0,132.0,108.0,123.0,112.0,85.0,89.0,909.0,1.7402278,3.3699865,140.0,255.0,31.231506,59.00545,0.0,0.0,0.0,14.608548,21.233007,29.581387,39.610092,51.049328,140.0,0.9696513,0.07237891,0.23353298,0.12755854,-0.9646358,-0.23066558,0.20857894,0.2534543,-0.9445929,64.5558,14.100095,6.0280294,0.9603603,1.4147599,2067151.0,30380608.0,221.13643,1296.279
3,0,4,0,Pore,1.0,0.0,0.34100878,257.99802,212.36539,78.4426,1.0,0.42917284,0.0,3005.0,0.0,0.0,258.0,212.5,78.5,4560.0,258.00385,212.76013,78.61093,1555.0,268.0,225.0,84.0,249.0,201.0,74.0,1555.0,258.00385,212.76013,78.61093,0.0,0.0,1.0,2.0,25.0,97.0,224.0,370.0,361.0,267.0,130.0,52.0,21.0,5.0,0.0,0.0,0.0,0.0,0.0,0.0,0.0,0.0,0.0,0.0,0.0,0.0,0.0,0.0,0.0,0.0,0.0,0.0,0.0,0.0,0.0,0.0,0.0,0.0,0.0,0.0,0.0,0.0,0.0,0.0,0.0,0.0,0.0,0.0,0.0,0.0,0.0,0.0,0.0,0.0,0.0,0.0,0.0,0.0,0.0,0.0,0.0,0.0,0.0,0.0,14.0,34.0,39.0,143.0,107.0,283.0,447.0,256.0,723.0,421.0,1038.0,1272.0,770.0,1838.0,1023.0,2360.0,2766.0,1497.0,3115.0,1581.0,3158.0,3122.0,1469.0,2637.0,1225.0,2139.0,1695.0,717.0,1222.0,495.0,863.0,352.0,524.0,405.0,158.0,271.0,100.0,167.0,139.0,50.0,80.0,36.0,53.0,39.0,22.0,28.0,11.0,21.0,17.0,5.0,11.0,2.0,7.0,4.0,1.0,0.0,2.0,1.0,3.0,0.0,1.0,0.0,0.0,1.0,0.18667458,0.83395463,55.0,102.0,32.354984,32.30974,10.0,0.0,10.0,24.448765,28.318676,32.520668,37.14646,41.452824,55.0,-0.6294848,0.7608043,-0.15787873,0.7685189,0.63957727,0.0178755,0.1145754,-0.110080436,-0.9872967,6.2719507,2.8386858,1.8907645,0.2348627,0.37641948,50312.0,1324053.0,42.632828,122.88086
4,0,5,0,Pore,1.0,0.0,0.30741936,102.50861,283.5581,89.062996,1.0,2.438139,0.0,8588.0,0.0,0.0,103.0,283.5,88.5,12400.0,104.10703,283.3691,87.231636,3812.0,119.0,294.0,99.0,88.0,274.0,79.0,3812.0,104.10703,283.3691,87.231636,65.0,70.0,121.0,201.0,340.0,418.0,477.0,471.0,454.0,350.0,290.0,202.0,130.0,78.0,73.0,34.0,19.0,12.0,3.0,3.0,1.0,0.0,0.0,0.0,0.0,0.0,0.0,0.0,0.0,0.0,0.0,0.0,0.0,0.0,0.0,0.0,0.0,0.0,0.0,0.0,0.0,0.0,0.0,0.0,0.0,0.0,0.0,0.0,0.0,0.0,0.0,0.0,0.0,0.0,0.0,0.0,0.0,0.0,0.0,0.0,0.0,0.0,0.0,0.0,7578.0,797.0,1165.0,1700.0,2536.0,3253.0,3907.0,4557.0,4936.0,5389.0,5166.0,5074.0,4614.0,4118.0,3953.0,3242.0,2797.0,2414.0,2116.0,1856.0,1598.0,1462.0,1314.0,1140.0,998.0,875.0,859.0,705.0,656.0,612.0,508.0,453.0,356.0,322.0,271.0,263.0,184.0,182.0,143.0,120.0,91.0,87.0,84.0,64.0,55.0,56.0,37.0,37.0,24.0,27.0,17.0,12.0,18.0,9.0,11.0,4.0,7.0,7.0,0.0,0.0,1.0,2.0,0.0,2.0,0.14452015,1.6255207,81.0,255.0,29.96957,49.50406,0.0,0.0,0.0,14.434935,21.408867,29.700935,38.614285,47.256264,81.0,0.89008194,-0.02975507,-0.45482832,0.25653133,0.8575224,0.44592264,0.37675703,-0.5135854,0.7708983,8.16795,3.9894547,2.777917,0.30809063,1.0033973,114244.0,4199974.0,168.48386,1131.7767
5,0,6,0,Pore,1.0,0.0,0.33117652,202.50496,88.36574,89.969795,1.0,3.947028,0.0,8476.0,0.0,0.0,203.0,89.0,91.0,12673.0,203.99976,90.280914,93.080536,4197.0,215.0,104.0,101.0,192.0,75.0,82.0,4197.0,203.99976,90.280914,93.080536,38.0,87.0,179.0,313.0,547.0,578.0,585.0,546.0,432.0,328.0,196.0,151.0,73.0,46.0,33.0,27.0,13.0,10.0,5.0,6.0,0.0,4.0,0.0,0.0,0.0,0.0,0.0,0.0,0.0,0.0,0.0,0.0,0.0,0.0,0.0,0.0,0.0,0.0,0.0,0.0,0.0,0.0,0.0,0.0,0.0,0.0,0.0,0.0,0.0,0.0,0.0,0.0,0.0,0.0,0.0,0.0,0.0,0.0,0.0,0.0,0.0,0.0,0.0,0.0,14834.0,190.0,394.0,715.0,1344.0,2136.0,3148.0,4129.0,4765.0,5155.0,5284.0,5053.0,4695.0,4302.0,3846.0,3317.0,2927.0,2595.0,2232.0,1877.0,1521.0,1275.0,1032.0,794.0,709.0,575.0,483.0,387.0,296.0,255.0,209.0,188.0,122.0,106.0,97.0,73.0,68.0,51.0,43.0,32.0,34.0,32.0,22.0,17.0,13.0,6.0,19.0,11.0,8.0,10.0,9.0,6.0,5.0,8.0,3.0,1.0,4.0,2.0,1.0,3.0,3.0,0.0,0.0,7.0,1.3061063,1.3194222,86.0,255.0,27.063854,43.139202,0.0,0.0,0.0,13.425943,19.086031,26.334335,34.409042,42.777145,86.0,0.4465926,-0.83693236,0.31638476,0.87476575,0.33412108,-0.3509245,0.18798922,0.43348283,0.88133574,6.564849,4.555498,3.2977839,0.7489512,0.6329962,113587.0,3514896.0,142.89705,923.7708
6,0,7,Pore,Pore,1.0,0.0,0.13266823,128.3435,221.73865,204.97139,1.0,18.107832,0.0,5568381.0,0.0,0.0,126.0,221.5,204.5,6420128.0,110.67906,219.93983,201.41821,851747.0,253.0,274.0,327.0,0.0,170.0,83.0,851747.0,110.67906,219.93983,201.41821,12859.0,17008.0,40109.0,72946.0,103193.0,118123.0,120872.0,108488.0,86657.0,62755.0,42339.0,27073.0,16062.0,9314.0,5371.0,3211.0,1877.0,1201.0,761.0,494.0,291.0,197.0,147.0,117.0,94.0,50.0,37.0,27.0,34.0,10.0,7.0,6.0,5.0,7.0,0.0,3.0,1.0,0.0,0.0,1.0,0.0,0.0,0.0,0.0,0.0,0.0,0.0,0.0,0.0,0.0,0.0,0.0,0.0,0.0,0.0,0.0,0.0,0.0,0.0,0.0,0.0,0.0,0.0,0.0,225532.0,7414.0,13973.0,26361.0,46147.0,71667.0,99919.0,126573.0,149767.0,168768.0,179460.0,180946.0,173888.0,163527.0,151433.0,138660.0,126743.0,116295.0,105147.0,96210.0,87186.0,79141.0,71608.0,64940.0,58887.0,53690.0,48288.0,43419.0,39493.0,34935.0,31650.0,28984.0,25897.0,23252.0,21156.0,18815.0,16908.0,15321.0,13844.0,12476.0,11330.0,10374.0,9307.0,8522.0,7623.0,6938.0,6359.0,5744.0,5110.0,4802.0,4268.0,3986.0,3529.0,3368.0,2981.0,2772.0,2446.0,2228.0,2069.0,1905.0,1685.0,1512.0,1360.0,15773.0,1.704017,2.6634178,156.0,255.0,26.458454,64.43916,0.0,0.0,0.0,12.783292,18.640833,25.937977,33.9538,42.061115,156.0,0.9845223,-0.08535142,0.15307209,-0.14563675,0.08745685,0.985465,0.097498044,0.99250513,-0.07367291,69.79179,46.810936,12.208753,0.68725425,1.3135918,22535908.0,211638260.0,140.25447,1905.0203
7,0,8,Pore,Pore,1.0,0.0,0.27025825,23.366081,128.4651,111.72828,1.0,6.9788213,0.0,47585.0,0.0,0.0,21.5,128.5,112.0,65208.0,16.461271,128.59422,112.7337,17623.0,44.0,148.0,132.0,0.0,110.0,93.0,17623.0,16.461271,128.59422,112.7337,850.0,531.0,808.0,1117.0,1397.0,1628.0,1732.0,1711.0,1602.0,1417.0,1225.0,1028.0,786.0,548.0,406.0,274.0,188.0,128.0,75.0,61.0,41.0,25.0,17.0,8.0,6.0,3.0,1.0,3.0,2.0,3.0,1.0,1.0,0.0,0.0,0.0,0.0,0.0,0.0,0.0,0.0,0.0,0.0,0.0,0.0,0.0,0.0,0.0,0.0,0.0,0.0,0.0,0.0,0.0,0.0,0.0,0.0,0.0,0.0,0.0,0.0,0.0,0.0,0.0,0.0,1981.0,1190.0,1898.0,2711.0,3846.0,5230.0,6574.0,8003.0,8952.0,9473.0,9843.0,9834.0,9204.0,8509.0,7501.0,6724.0,5791.0,4908.0,4055.0,3460.0,2830.0,2396.0,1976.0,1693.0,1434.0,1195.0,1058.0,900.0,786.0,714.0,625.0,498.0,433.0,403.0,349.0,341.0,273.0,262.0,222.0,197.0,171.0,158.0,162.0,120.0,96.0,95.0,95.0,82.0,54.0,56.0,54.0,45.0,45.0,39.0,21.0,27.0,29.0,31.0,22.0,21.0,15.0,10.0,10.0,78.0,0.5151314,4.936258,127.0,255.0,30.327923,52.892918,0.0,0.0,0.0,9.849,19.074091,29.633644,41.223644,52.005547,127.0,-0.9576603,-0.23595168,-0.16496505,0.2751945,-0.58187634,-0.76530254,0.08458516,-0.77829736,0.6221725,10.198605,9.003685,5.5096517,0.49707308,1.6251317,534469.0,7394853.0,275.3386,943.5329
8,0,9,0,Pore,1.0,0.0,0.20953947,244.40594,123.386185,102.653145,2.0,5.5855756,0.0,4806.0,0.0,46176050.0,244.5,124.5,103.0,12160.0,244.85478,128.70172,104.30848,2548.0,253.0,145.0,113.0,237.0,105.0,94.0,2548.0,244.85478,128.70172,104.30848,0.0,7.0,41.0,103.0,168.0,298.0,377.0,419.0,356.0,287.0,180.0,148.0,96.0,42.0,19.0,6.0,0.0,0.0,1.0,0.0,0.0,0.0,0.0,0.0,0.0,0.0,0.0,0.0,0.0,0.0,0.0,0.0,0.0,0.0,0.0,0.0,0.0,0.0,0.0,0.0,0.0,0.0,0.0,0.0,0.0,0.0,0.0,0.0,0.0,0.0,0.0,0.0,0.0,0.0,0.0,0.0,0.0,0.0,0.0,0.0,0.0,0.0,0.0,0.0,267.0,294.0,632.0,1176.0,2006.0,2885.0,3919.0,3452.0,5142.0,5656.0,5917.0,5802.0,5287.0,4955.0,4395.0,3017.0,3532.0,2982.0,2690.0,2286.0,1903.0,1580.0,1381.0,856.0,1046.0,835.0,704.0,601.0,476.0,403.0,334.0,192.0,256.0,246.0,210.0,131.0,131.0,105.0,90.0,49.0,55.0,45.0,40.0,34.0,24.0,23.0,14.0,10.0,17.0,13.0,6.0,7.0,5.0,8.0,5.0,1.0,4.0,2.0,3.0,3.0,2.0,0.0,1.0,1.0,-0.114968404,2.5162697,72.0,248.0,30.825354,52.603336,6.0,0.0,6.0,18.399275,24.117622,30.553215,37.830738,45.36803,72.0,-0.25412482,0.9415598,-0.22110128,0.9109683,0.30981323,0.27230966,0.32489595,-0.1322156,-0.93646234,9.869669,2.9398537,2.4283953,0.2811168,1.1970253,78543.0,4110635.0,102.52562,697.09955
9,0,10,0,Pore,1.0,0.0,0.5916306,6.1696115,242.12721,100.957596,1.0,1.9898777,0.0,283.0,0.0,0.0,5.0,242.0,101.0,693.0,4.1926827,241.9122,101.02927,410.0,11.0,246.0,106.0,0.0,239.0,97.0,410.0,4.1926827,241.9122,101.02927,53.0,24.0,19.0,37.0,31.0,35.0,39.0,35.0,38.0,31.0,22.0,10.0,7.0,12.0,7.0,4.0,3.0,0.0,1.0,2.0,0.0,0.0,0.0,0.0,0.0,0.0,0.0,0.0,0.0,0.0,0.0,0.0,0.0,0.0,0.0,0.0,0.0,0.0,0.0,0.0,0.0,0.0,0.0,0.0,0.0,0.0,0.0,0.0,0.0,0.0,0.0,0.0,0.0,0.0,0.0,0.0,0.0,0.0,0.0,0.0,0.0,0.0,0.0,0.0,1153.0,390.0,538.0,417.0,733.0,807.0,961.0,657.0,1031.0,1049.0,721.0,1109.0,1086.0,971.0,653.0,906.0,777.0,471.0,656.0,564.0,442.0,245.0,302.0,264.0,136.0,196.0,148.0,104.0,65.0,91.0,74.0,39.0,56.0,39.0,22.0,17.0,20.0,16.0,12.0,5.0,14.0,4.0,1.0,7.0,2.0,3.0,3.0,1.0,1.0,0.0,1.0,0.0,2.0,1.0,1.0,0.0,0.0,1.0,0.0,0.0,0.0,1.0,1.0,1.0,-0.12154355,1.1474262,78.0,174.0,24.419512,32.475315,0.0,0.0,0.0,3.0822523,12.653083,24.51923,35.492393,45.820312,78.0,-0.967497,-0.23341028,0.09730983,-0.061441727,0.59023976,0.8048863,0.24530487,-0.77274615,0.58539635,2.8221107,2.0718727,1.5514824,0.42742625,0.71458215,10012.0,584166.0,268.4484,410.0634
10,0,11,Pore,Pore,1.0,0.0,0.25707072,83.5294,297.51028,115.88826,1.0,2.3735619,0.0,11768.0,0.0,0.0,84.0,297.5,115.5,15840.0,85.360016,297.47028,114.377945,4072.0,101.0,306.0,131.0,68.0,290.0,101.0,4072.0,85.360016,297.47028,114.377945,377.0,206.0,264.0,328.0,429.0,453.0,452.0,419.0,318.0,249.0,183.0,127.0,90.0,69.0,31.0,25.0,16.0,7.0,9.0,8.0,4.0,2.0,1.0,0.0,1.0,4.0,0.0,0.0,0.0,0.0,0.0,0.0,0.0,0.0,0.0,0.0,0.0,0.0,0.0,0.0,0.0,0.0,0.0,0.0,0.0,0.0,0.0,0.0,0.0,0.0,0.0,0.0,0.0,0.0,0.0,0.0,0.0,0.0,0.0,0.0,0.0,0.0,0.0,0.0,36880.0,1340.0,1602.0,2024.0,2428.0,2741.0,3099.0,3463.0,3536.0,3810.0,3922.0,4110.0,4219.0,4427.0,4348.0,4209.0,4111.0,3797.0,3590.0,3403.0,2901.0,2658.0,2271.0,1998.0,1764.0,1452.0,1235.0,1089.0,871.0,689.0,567.0,478.0,411.0,306.0,267.0,219.0,182.0,132.0,115.0,85.0,78.0,50.0,40.0,46.0,42.0,32.0,31.0,19.0,20.0,12.0,13.0,13.0,10.0,9.0,9.0,8.0,8.0,3.0,1.0,5.0,5.0,1.0,2.0,24.0,1.0823809,0.102497354,103.0,255.0,24.089146,41.410988,0.0,0.0,0.0,4.568492,14.030345,23.721544,33.453716,43.540726,103.0,0.6879039,-0.7089092,-0.15567908,0.23197356,0.011501652,0.9726541,0.6877329,0.705206,-0.17236023,9.602151,3.761597,2.5349746,0.6552009,0.66090614,98091.0,5020254.0,226.15683,1428.9296
11,0,12,Pore,Pore,1.0,0.0,0.11772727,195.77968,177.83052,116.07984,1.0,6.3221335,0.0,77640.0,0.0,0.0,196.5,178.0,116.0,88000.0,201.89827,179.27008,115.40164,10360.0,229.0,206.0,129.0,165.0,151.0,104.0,10360.0,201.89827,179.27008,115.40164,7.0,25.0,64.0,181.0,305.0,390.0,502.0,636.0,912.0,1083.0,1277.0,1282.0,1089.0,825.0,630.0,386.0,253.0,163.0,91.0,54.0,36.0,41.0,33.0,25.0,15.0,14.0,7.0,6.0,8.0,8.0,5.0,3.0,1.0,1.0,1.0,0.0,0.0,1.0,0.0,0.0,0.0,0.0,0.0,0.0,0.0,0.0,0.0,0.0,0.0,0.0,0.0,0.0,0.0,0.0,0.0,0.0,0.0,0.0,0.0,0.0,0.0,0.0,0.0,0.0,15.0,69.0,221.0,554.0,1018.0,1484.0,2302.0,3180.0,4448.0,3902.0,5829.0,6753.0,7016.0,7113.0,7176.0,7192.0,6889.0,6693.0,4685.0,5904.0,5530.0,5157.0,4764.0,4208.0,3766.0,3272.0,3044.0,1974.0,2340.0,2094.0,1762.0,1514.0,1380.0,1156.0,1043.0,831.0,537.0,686.0,601.0,495.0,494.0,364.0,388.0,297.0,271.0,181.0,198.0,170.0,155.0,144.0,110.0,106.0,79.0,65.0,30.0,58.0,61.0,38.0,34.0,27.0,18.0,24.0,25.0,148.0,2.5046542,2.129602,150.0,255.0,43.17394,78.80061,0.0,6.0,0.0,24.414219,33.97204,43.197865,51.87898,60.963,150.0,0.7423729,0.66525227,-0.07951065,-0.63220155,0.7348456,0.24560764,0.2218191,-0.13206568,0.96610296,20.545383,7.785165,2.685424,0.71800685,1.1449616,447282.0,10408143.0,232.51646,1169.3546
12,0,13,Pore,Pore,1.0,0.0,0.27059627,32.84298,288.23642,130.53685,1.0,3.9959226,0.0,38460.0,0.0,0.0,33.0,288.5,129.5,52728.0,33.423256,289.21048,126.70515,14268.0,53.0,302.0,156.0,14.0,276.0,104.0,14268.0,33.423256,289.21048,126.70515,1526.0,693.0,861.0,1009.0,1135.0,1307.0,1291.0,1301.0,1171.0,1000.0,756.0,554.0,435.0,296.0,240.0,173.0,123.0,101.0,67.0,62.0,33.0,26.0,26.0,10.0,19.0,16.0,5.0,7.0,4.0,5.0,6.0,2.0,3.0,3.0,1.0,1.0,0.0,0.0,0.0,0.0,0.0,0.0,0.0,0.0,0.0,0.0,0.0,0.0,0.0,0.0,0.0,0.0,0.0,0.0,0.0,0.0,0.0,0.0,0.0,0.0,0.0,0.0,0.0,0.0,43457.0,2974.0,3753.0,4729.0,5905.0,7114.0,8315.0,9622.0,10591.0,11207.0,11384.0,11496.0,11040.0,10192.0,9311.0,8578.0,7756.0,6860.0,5830.0,5005.0,4254.0,3555.0,3034.0,2529.0,2046.0,1711.0,1424.0,1137.0,901.0,781.0,653.0,548.0,476.0,385.0,326.0,264.0,217.0,188.0,186.0,156.0,120.0,113.0,89.0,91.0,67.0,79.0,59.0,52.0,37.0,24.0,40.0,40.0,25.0,26.0,20.0,17.0,11.0,15.0,8.0,10.0,11.0,9.0,10.0,71.0,1.9498668,1.8006223,140.0,255.0,26.723507,41.8788,0.0,0.0,0.0,3.7253644,13.876208,25.767271,37.481014,49.98513,140.0,0.41332892,-0.86194634,-0.2936115,0.2864647,-0.1829859,0.94045424,0.8643478,0.47282624,-0.17128383,13.055199,7.0556355,4.162496,0.9320427,0.8706839,381291.0,9252451.0,339.82355,1089.5322
13,0,14,Pore,Pore,1.0,0.0,0.16281812,95.507996,152.90143,115.18438,1.0,6.4082723,0.0,12073.0,0.0,0.0,96.0,152.0,115.0,14421.0,98.529816,147.36499,114.051956,2348.0,113.0,164.0,125.0,80.0,141.0,106.0,2348.0,98.529816,147.36499,114.051956,0.0,0.0,2.0,17.0,60.0,119.0,147.0,218.0,235.0,257.0,224.0,216.0,176.0,124.0,124.0,91.0,75.0,58.0,59.0,37.0,26.0,16.0,16.0,14.0,9.0,6.0,8.0,1.0,5.0,2.0,3.0,0.0,2.0,0.0,0.0,1.0,0.0,0.0,0.0,0.0,0.0,0.0,0.0,0.0,0.0,0.0,0.0,0.0,0.0,0.0,0.0,0.0,0.0,0.0,0.0,0.0,0.0,0.0,0.0,0.0,0.0,0.0,0.0,0.0,9.0,13.0,66.0,164.0,344.0,609.0,976.0,1097.0,1934.0,2527.0,3025.0,3477.0,3583.0,3816.0,2881.0,3660.0,3518.0,3372.0,3189.0,3014.0,2653.0,1938.0,2427.0,2278.0,2108.0,1931.0,1841.0,1675.0,1158.0,1542.0,1354.0,1252.0,1109.0,1041.0,938.0,675.0,755.0,726.0,616.0,574.0,544.0,484.0,326.0,403.0,345.0,362.0,272.0,260.0,238.0,146.0,207.0,156.0,164.0,153.0,122.0,120.0,87.0,100.0,85.0,68.0,70.0,70.0,66.0,840.0,1.7818794,1.8655503,143.0,255.0,44.752983,91.46368,10.0,8.0,10.0,24.9037,32.281914,41.96045,54.68876,69.67161,143.0,0.90295994,-0.37495315,-0.20993695,0.2521232,0.8578679,-0.4477684,0.34799033,0.35138693,0.86915475,8.591072,4.168776,2.0101864,1.0990586,1.2889689,105080.0,6910355.0,329.02502,1962.6821
14,0,15,Pore,Pore,1.0,0.0,0.19956414,274.14914,182.14604,123.48448,1.0,3.5930603,0.0,123043.0,0.0,0.0,274.5,182.5,124.0,153720.0,275.9073,183.91971,126.0677,30677.0,293.0,244.0,142.0,257.0,122.0,107.0,30677.0,275.9073,183.91971,126.0677,194.0,565.0,1506.0,3127.0,4432.0,5129.0,4592.0,3888.0,2996.0,1944.0,1129.0,617.0,312.0,136.0,65.0,23.0,11.0,6.0,5.0,0.0,0.0,0.0,0.0,0.0,0.0,0.0,0.0,0.0,0.0,0.0,0.0,0.0,0.0,0.0,0.0,0.0,0.0,0.0,0.0,0.0,0.0,0.0,0.0,0.0,0.0,0.0,0.0,0.0,0.0,0.0,0.0,0.0,0.0,0.0,0.0,0.0,0.0,0.0,0.0,0.0,0.0,0.0,0.0,0.0,12271.0,16465.0,22683.0,24333.0,21049.0,16803.0,13591.0,11707.0,10700.0,10374.0,9636.0,9119.0,8235.0,7681.0,7179.0,6738.0,6254.0,5760.0,5551.0,4967.0,4519.0,4245.0,3799.0,3383.0,3247.0,2807.0,2601.0,2349.0,2119.0,1867.0,1634.0,1415.0,1363.0,1287.0,1118.0,993.0,830.0,725.0,681.0,563.0,475.0,407.0,369.0,292.0,232.0,202.0,157.0,134.0,116.0,113.0,76.0,53.0,43.0,35.0,33.0,23.0,16.0,15.0,15.0,16.0,14.0,5.0,7.0,57.0,0.27990666,1.7244929,75.0,255.0,24.674088,42.90738,0.0,0.0,0.0,12.975913,17.98475,24.24074,31.439209,38.27849,75.0,0.09374819,0.67674416,0.730225,-0.99550265,0.07375713,0.059449986,-0.013626869,-0.7325143,0.68061525,32.56104,7.8455667,5.4109445,0.43951693,1.330629,756927.0,11822957.0,97.03516,1395.1525
15,0,16,Pore,Pore,1.0,0.0,0.33506018,211.98978,119.76706,116.03927,1.0,1.7534733,0.0,12707.0,0.0,0.0,212.0,120.0,115.5,19110.0,212.02031,120.46228,114.4298,6403.0,232.0,138.0,123.0,193.0,103.0,109.0,6403.0,212.02031,120.46228,114.4298,10.0,39.0,112.0,297.0,515.0,783.0,850.0,867.0,746.0,567.0,443.0,325.0,271.0,174.0,128.0,89.0,67.0,42.0,30.0,19.0,11.0,8.0,0.0,5.0,1.0,2.0,2.0,0.0,0.0,0.0,0.0,0.0,0.0,0.0,0.0,0.0,0.0,0.0,0.0,0.0,0.0,0.0,0.0,0.0,0.0,0.0,0.0,0.0,0.0,0.0,0.0,0.0,0.0,0.0,0.0,0.0,0.0,0.0,0.0,0.0,0.0,0.0,0.0,0.0,11.0,28.0,104.0,275.0,619.0,1203.0,1787.0,2563.0,3228.0,4001.0,4367.0,4715.0,4748.0,4698.0,4509.0,4175.0,3839.0,3605.0,3230.0,2728.0,2501.0,2360.0,1988.0,1739.0,1576.0,1374.0,1214.0,985.0,944.0,792.0,660.0,591.0,530.0,394.0,388.0,353.0,267.0,250.0,231.0,183.0,157.0,133.0,125.0,117.0,95.0,72.0,56.0,60.0,52.0,32.0,42.0,26.0,24.0,34.0,35.0,16.0,18.0,9.0,13.0,10.0,2.0,8.0,7.0,39.0,1.4227375,2.7943456,107.0,255.0,32.331562,66.52468,0.0,0.0,0.0,17.34789,23.116245,30.627298,39.989902,50.88091,107.0,0.6855592,-0.7258922,0.055580072,-0.7247706,-0.68771195,-0.041949816,0.068674125,-0.011523722,-0.9975726,11.278488,5.226276,2.7983916,0.9385681,1.3254503,207019.0,4985027.0,185.04343,1031.3473
16,0,17,Pore,Pore,1.0,0.0,0.2813895,160.24858,137.05568,118.13531,1.0,5.584114,0.0,8854.0,0.0,0.0,159.0,138.0,118.0,12321.0,155.81137,140.41159,117.65446,3467.0,178.0,157.0,123.0,141.0,120.0,114.0,3467.0,155.81137,140.41159,117.65446,0.0,0.0,0.0,2.0,6.0,15.0,40.0,77.0,150.0,204.0,315.0,382.0,359.0,395.0,351.0,276.0,216.0,179.0,133.0,80.0,66.0,49.0,42.0,26.0,22.0,17.0,13.0,6.0,11.0,8.0,7.0,5.0,4.0,3.0,1.0,1.0,0.0,1.0,1.0,0.0,0.0,1.0,0.0,0.0,1.0,0.0,1.0,1.0,0.0,0.0,0.0,0.0,0.0,0.0,0.0,0.0,0.0,0.0,0.0,0.0,0.0,0.0,0.0,0.0,5.0,24.0,60.0,186.0,337.0,644.0,627.0,1175.0,1568.0,1881.0,2193.0,2358.0,1751.0,2361.0,2339.0,2308.0,2337.0,2233.0,2066.0,1420.0,1843.0,1740.0,1699.0,1489.0,1287.0,974.0,1219.0,1107.0,1039.0,965.0,840.0,574.0,710.0,666.0,580.0,543.0,455.0,399.0,303.0,316.0,293.0,235.0,243.0,204.0,111.0,163.0,152.0,130.0,117.0,98.0,85.0,59.0,61.0,64.0,63.0,59.0,47.0,38.0,44.0,31.0,36.0,33.0,22.0,290.0,4.8786874,1.9338331,190.0,255.0,55.69224,87.56991,15.0,9.0,15.0,36.966797,44.430473,53.647842,64.2711,76.71416,190.0,-0.64198095,-0.7628296,-0.07714577,-0.76671946,0.6388961,0.06287306,0.0013267068,0.099512465,-0.9950354,10.798753,5.3101788,1.799303,1.4314572,1.2205431,193085.0,4317109.0,309.60098,1680.1267
17,0,18,Pore,Pore,1.0,0.0,0.2647245,57.667057,113.994225,128.74655,1.0,3.3039968,0.0,16279.0,0.0,0.0,57.0,114.5,129.0,22140.0,55.147243,115.90479,129.70398,5861.0,78.0,125.0,143.0,37.0,105.0,116.0,5861.0,55.147243,115.90479,129.70398,25.0,28.0,61.0,137.0,295.0,531.0,695.0,751.0,725.0,634.0,547.0,426.0,314.0,253.0,149.0,111.0,81.0,34.0,33.0,19.0,6.0,2.0,2.0,1.0,1.0,0.0,0.0,0.0,0.0,0.0,0.0,0.0,0.0,0.0,0.0,0.0,0.0,0.0,0.0,0.0,0.0,0.0,0.0,0.0,0.0,0.0,0.0,0.0,0.0,0.0,0.0,0.0,0.0,0.0,0.0,0.0,0.0,0.0,0.0,0.0,0.0,0.0,0.0,0.0,426.0,345.0,692.0,1233.0,1995.0,3031.0,4440.0,5908.0,7363.0,8401.0,8692.0,8849.0,8326.0,7532.0,6964.0,6042.0,5291.0,4718.0,3994.0,3510.0,3041.0,2724.0,2357.0,2068.0,1868.0,1603.0,1485.0,1326.0,1188.0,1162.0,1038.0,901.0,835.0,702.0,693.0,604.0,581.0,542.0,471.0,452.0,421.0,398.0,361.0,317.0,283.0,269.0,249.0,259.0,237.0,194.0,206.0,179.0,166.0,156.0,130.0,118.0,114.0,116.0,114.0,96.0,104.0,81.0,78.0,1017.0,0.4669718,4.657934,98.0,255.0,35.187683,65.51025,0.0,0.0,0.0,20.222767,26.132053,34.114494,43.58593,53.46464,98.0,-0.99113274,0.07832722,-0.10733461,0.07510977,-0.33609182,-0.9388295,-0.10961019,-0.93856657,0.32722846,9.258116,5.880217,3.0155842,0.53618133,1.932544,206235.0,8454490.0,175.77539,1784.9592
18,0,19,Pore,Pore,1.0,0.0,0.19926295,170.71727,309.14297,148.94415,1.0,5.7706833,0.0,46281.0,0.0,0.0,171.0,309.5,150.0,57798.0,172.13615,310.9347,154.24295,11517.0,191.0,323.0,179.0,152.0,297.0,122.0,11517.0,172.13615,310.9347,154.24295,521.0,398.0,770.0,1454.0,1878.0,1861.0,1465.0,1072.0,748.0,428.0,295.0,191.0,135.0,92.0,53.0,46.0,36.0,22.0,18.0,10.0,6.0,6.0,4.0,2.0,2.0,1.0,2.0,0.0,1.0,0.0,0.0,0.0,0.0,0.0,0.0,0.0,0.0,0.0,0.0,0.0,0.0,0.0,0.0,0.0,0.0,0.0,0.0,0.0,0.0,0.0,0.0,0.0,0.0,0.0,0.0,0.0,0.0,0.0,0.0,0.0,0.0,0.0,0.0,0.0,83312.0,1515.0,2591.0,3752.0,5125.0,5809.0,5989.0,5822.0,5787.0,5610.0,5470.0,5257.0,5106.0,4775.0,4497.0,4504.0,4339.0,4313.0,4041.0,4045.0,3751.0,3796.0,3577.0,3563.0,3417.0,3283.0,3087.0,3111.0,2908.0,2747.0,2611.0,2422.0,2435.0,2219.0,2014.0,1912.0,1761.0,1631.0,1554.0,1423.0,1274.0,1210.0,1086.0,1070.0,990.0,944.0,877.0,769.0,674.0,634.0,606.0,550.0,511.0,468.0,393.0,389.0,412.0,286.0,282.0,260.0,234.0,223.0,223.0,2282.0,3.308391,0.76165026,112.0,255.0,22.463142,54.152374,0.0,0.0,0.0,9.172859,15.214749,21.500853,28.971275,37.705406,112.0,-0.46651644,0.8720372,-0.1480322,0.25800934,-0.025919903,-0.9657947,0.84604585,0.48875278,0.21290168,16.024347,4.972854,3.7508912,1.1271622,1.1498402,258708.0,13079315.0,150.95682,3615.6594
19,0,20,0,Pore,1.0,0.0,0.33922997,5.81675,122.780815,145.45311,1.0,2.8281488,0.0,6985.0,0.0,0.0,5.0,123.0,145.0,10571.0,3.409091,123.42694,144.1174,3586.0,11.0,139.0,161.0,0.0,108.0,130.0,3586.0,3.409091,123.42694,144.1174,216.0,160.0,184.0,287.0,310.0,364.0,404.0,366.0,344.0,243.0,201.0,158.0,112.0,70.0,58.0,39.0,30.0,22.0,9.0,4.0,3.0,2.0,0.0,0.0,0.0,0.0,0.0,0.0,0.0,0.0,0.0,0.0,0.0,0.0,0.0,0.0,0.0,0.0,0.0,0.0,0.0,0.0,0.0,0.0,0.0,0.0,0.0,0.0,0.0,0.0,0.0,0.0,0.0,0.0,0.0,0.0,0.0,0.0,0.0,0.0,0.0,0.0,0.0,0.0,3509.0,1039.0,1085.0,1869.0,1895.0,3237.0,2890.0,4486.0,4863.0,3987.0,5205.0,3828.0,4778.0,3298.0,4039.0,2474.0,2808.0,2351.0,1480.0,1566.0,995.0,1052.0,653.0,724.0,599.0,333.0,367.0,240.0,290.0,156.0,195.0,117.0,129.0,94.0,79.0,66.0,36.0,50.0,30.0,42.0,24.0,22.0,18.0,14.0,10.0,14.0,17.0,10.0,6.0,8.0,3.0,4.0,4.0,2.0,3.0,2.0,5.0,1.0,1.0,2.0,0.0,0.0,0.0,2.0,0.10071913,2.405303,86.0,228.0,27.081429,41.244358,0.0,0.0,0.0,7.535449,16.573715,26.5888,36.75299,47.57041,86.0,0.026861763,-0.03950216,-0.99885833,0.63598,-0.77023834,0.04756392,0.7712379,0.6365316,-0.004432623,9.126744,4.035806,2.4994876,0.44077978,0.9303142,97114.0,2767744.0,235.69164,573.2727
20,0,21,Pore,Pore,1.0,0.0,0.37246686,143.99036,278.28967,160.61626,1.0,3.8768213,0.0,53014.0,0.0,0.0,143.5,279.5,160.0,84480.0,142.67384,281.53915,158.96173,31466.0,168.0,296.0,188.0,120.0,264.0,133.0,31466.0,142.67384,281.53915,158.96173,0.0,3.0,18.0,126.0,463.0,1146.0,2076.0,3056.0,3660.0,3962.0,3742.0,3320.0,2736.0,2056.0,1475.0,1081.0,759.0,535.0,358.0,256.0,174.0,137.0,84.0,77.0,51.0,32.0,19.0,17.0,12.0,4.0,5.0,4.0,10.0,4.0,1.0,0.0,1.0,2.0,0.0,0.0,2.0,1.0,0.0,1.0,0.0,0.0,0.0,0.0,0.0,0.0,0.0,0.0,0.0,0.0,0.0,0.0,0.0,0.0,0.0,0.0,0.0,0.0,0.0,0.0,660.0,296.0,726.0,1601.0,2678.0,3702.0,4994.0,6242.0,7594.0,8326.0,9177.0,9648.0,9924.0,10064.0,10222.0,10196.0,10295.0,10334.0,10029.0,10081.0,9616.0,9420.0,9029.0,8515.0,8232.0,7852.0,7431.0,7102.0,6502.0,6000.0,5710.0,5225.0,5014.0,4674.0,4249.0,3949.0,3666.0,3383.0,3126.0,2921.0,2683.0,2577.0,2302.0,2163.0,2052.0,1890.0,1781.0,1584.0,1408.0,1351.0,1218.0,1102.0,1047.0,952.0,879.0,792.0,785.0,624.0,631.0,527.0,543.0,486.0,449.0,4770.0,3.0289114,0.6794571,172.0,255.0,42.698753,93.8098,4.0,0.0,4.0,26.575167,32.94022,41.145966,50.765102,61.536293,172.0,-0.51183593,0.8512739,-0.11557134,0.34401283,0.079825714,-0.93556565,0.78719705,0.5186141,0.3337068,13.427867,9.521227,5.7594995,1.1272492,0.9656234,1343559.0,27486364.0,212.0176,2773.5085
21,0,22,0,Pore,1.0,0.0,0.50566894,3.9357798,183.55046,138.9633,1.0,2.0543203,0.0,218.0,0.0,0.0,3.0,184.0,139.0,441.0,2.0852017,184.43947,139.03587,223.0,7.0,189.0,143.0,0.0,180.0,136.0,223.0,2.0852017,184.43947,139.03587,11.0,8.0,17.0,17.0,18.0,30.0,24.0,22.0,25.0,22.0,12.0,4.0,6.0,3.0,3.0,1.0,0.0,0.0,0.0,0.0,0.0,0.0,0.0,0.0,0.0,0.0,0.0,0.0,0.0,0.0,0.0,0.0,0.0,0.0,0.0,0.0,0.0,0.0,0.0,0.0,0.0,0.0,0.0,0.0,0.0,0.0,0.0,0.0,0.0,0.0,0.0,0.0,0.0,0.0,0.0,0.0,0.0,0.0,0.0,0.0,0.0,0.0,0.0,0.0,189.0,93.0,136.0,221.0,193.0,292.0,351.0,386.0,498.0,525.0,412.0,638.0,682.0,728.0,707.0,707.0,645.0,654.0,564.0,531.0,476.0,276.0,422.0,346.0,282.0,232.0,211.0,177.0,154.0,135.0,121.0,45.0,72.0,64.0,48.0,57.0,46.0,33.0,38.0,29.0,26.0,17.0,15.0,17.0,13.0,9.0,9.0,9.0,8.0,12.0,6.0,9.0,7.0,4.0,2.0,2.0,2.0,1.0,2.0,0.0,0.0,0.0,0.0,1.0,-0.37517133,1.6449668,60.0,186.0,25.466368,47.072536,0.0,0.0,0.0,8.7421875,16.546225,25.649414,35.102345,42.06836,60.0,-0.4251961,-0.7791185,-0.46063295,-0.8778202,0.47899032,0.00012052521,0.22054482,0.40440413,-0.8875907,2.2719007,1.56925,1.4821168,0.15768012,0.8636192,5679.0,592502.0,169.85425,589.429
22,0,23,Pore,Pore,1.0,0.0,0.12385608,132.35098,128.88907,280.11032,1.0,5.754443,0.0,7582938.0,0.0,0.0,132.0,129.0,279.5,8654900.0,129.5172,129.7847,275.1827,1071962.0,265.0,187.0,422.0,0.0,72.0,138.0,1071962.0,129.5172,129.7847,275.1827,10956.0,13918.0,36045.0,80105.0,136308.0,174967.0,171659.0,140494.0,102858.0,70941.0,46244.0,29593.0,19440.0,12611.0,8126.0,5343.0,3532.0,2423.0,1718.0,1187.0,784.0,600.0,507.0,365.0,259.0,192.0,160.0,120.0,89.0,80.0,71.0,51.0,39.0,30.0,28.0,18.0,18.0,18.0,13.0,7.0,11.0,4.0,7.0,2.0,2.0,2.0,2.0,2.0,3.0,1.0,1.0,2.0,2.0,2.0,1.0,1.0,0.0,0.0,0.0,0.0,0.0,0.0,0.0,0.0,232370.0,14458.0,34894.0,74391.0,127157.0,176051.0,213240.0,240556.0,260104.0,272448.0,274221.0,265307.0,248371.0,228517.0,206487.0,186066.0,165020.0,147143.0,130994.0,117098.0,103581.0,92302.0,82123.0,72637.0,64554.0,57488.0,51351.0,45345.0,41091.0,37005.0,33378.0,30138.0,27308.0,24263.0,22011.0,19832.0,17961.0,16239.0,14873.0,13346.0,12415.0,11176.0,10107.0,9166.0,8405.0,7588.0,7008.0,6444.0,5843.0,5310.0,4992.0,4474.0,4106.0,3767.0,3467.0,3188.0,2962.0,2709.0,2503.0,2261.0,2061.0,1971.0,1845.0,23243.0,6.1298575,4.053242,222.0,255.0,26.993256,58.62291,0.0,0.0,0.0,14.254926,19.648817,25.848593,33.405853,42.12826,222.0,0.37948376,-0.9189252,-0.10755709,0.04504204,0.13446455,-0.9898942,-0.92410135,-0.37080416,-0.09241738,58.319584,55.57519,21.08923,1.3925897,1.6525428,28935744.0,271349600.0,145.5595,1718.7184
23,0,24,0,Pore,1.0,0.0,0.4827178,97.16155,305.5904,148.10527,1.0,1.606854,0.0,2185.0,0.0,0.0,96.5,305.5,148.5,4224.0,95.79108,305.40314,148.923,2039.0,105.0,312.0,160.0,89.0,300.0,138.0,2039.0,95.79108,305.40314,148.923,92.0,28.0,52.0,75.0,123.0,225.0,280.0,332.0,318.0,246.0,125.0,56.0,45.0,18.0,14.0,7.0,1.0,1.0,0.0,0.0,0.0,0.0,0.0,1.0,0.0,0.0,0.0,0.0,0.0,0.0,0.0,0.0,0.0,0.0,0.0,0.0,0.0,0.0,0.0,0.0,0.0,0.0,0.0,0.0,0.0,0.0,0.0,0.0,0.0,0.0,0.0,0.0,0.0,0.0,0.0,0.0,0.0,0.0,0.0,0.0,0.0,0.0,0.0,0.0,19835.0,785.0,1317.0,1946.0,2463.0,2783.0,2899.0,2982.0,2897.0,3083.0,2916.0,2836.0,2765.0,2748.0,2451.0,2362.0,2275.0,2126.0,2059.0,1885.0,1671.0,1572.0,1408.0,1286.0,1175.0,994.0,907.0,826.0,711.0,618.0,600.0,497.0,480.0,406.0,404.0,357.0,297.0,288.0,265.0,245.0,200.0,205.0,181.0,147.0,151.0,142.0,141.0,118.0,100.0,88.0,67.0,78.0,71.0,62.0,56.0,54.0,42.0,38.0,39.0,35.0,29.0,31.0,25.0,172.0,0.86078805,1.909808,92.0,255.0,28.362923,48.037804,0.0,0.0,0.0,13.647813,22.396614,29.624788,35.92821,41.886936,92.0,-0.32019636,0.90815675,0.26967683,0.04649155,0.29938468,-0.9529991,0.9462097,0.29260916,0.1380835,5.1166735,3.4670177,2.5311778,-0.23274678,1.233212,57832.0,3972342.0,133.38667,2087.5967
24,0,25,Pore,Pore,1.0,0.0,0.1976556,112.58971,96.78648,163.01686,1.0,4.2237396,0.0,61466.0,0.0,0.0,112.0,96.5,162.5,76608.0,109.60619,95.337074,160.40193,15142.0,141.0,111.0,187.0,84.0,83.0,139.0,15142.0,109.60619,95.337074,160.40193,2486.0,311.0,402.0,569.0,731.0,1017.0,1091.0,1251.0,1274.0,1165.0,989.0,900.0,663.0,540.0,396.0,301.0,224.0,194.0,141.0,104.0,97.0,51.0,41.0,54.0,38.0,16.0,18.0,12.0,8.0,9.0,6.0,4.0,5.0,7.0,3.0,4.0,5.0,3.0,3.0,0.0,2.0,1.0,0.0,1.0,1.0,1.0,0.0,0.0,1.0,1.0,0.0,1.0,0.0,0.0,0.0,0.0,0.0,0.0,0.0,0.0,0.0,0.0,0.0,0.0,68192.0,1136.0,1409.0,2032.0,2818.0,3680.0,4810.0,5813.0,6767.0,7613.0,7943.0,8315.0,8377.0,8299.0,7855.0,7604.0,6928.0,6373.0,5970.0,5435.0,4925.0,4565.0,4066.0,3499.0,3247.0,2807.0,2614.0,2275.0,2151.0,1854.0,1725.0,1640.0,1422.0,1276.0,1118.0,1015.0,886.0,820.0,751.0,673.0,642.0,510.0,536.0,458.0,445.0,371.0,339.0,302.0,284.0,279.0,225.0,228.0,222.0,198.0,173.0,158.0,136.0,129.0,105.0,121.0,103.0,112.0,86.0,1034.0,2.3115165,1.9325111,204.0,255.0,31.004822,49.478794,0.0,0.0,0.0,2.4268465,16.032885,30.960918,44.140236,58.18395,204.0,-0.7245713,0.6759016,-0.1347349,0.23913048,0.06320244,-0.9689283,0.6463846,0.7342769,0.20742334,18.081497,6.3722973,4.3078284,0.84934014,1.2030011,469475.0,11275920.0,499.36273,2332.0776
25,0,26,0,Pore,1.0,0.0,0.5272727,5.24359,99.78846,143.63675,1.0,2.8046455,0.0,468.0,0.0,0.0,4.0,99.0,143.5,990.0,2.8850574,98.293106,143.3774,522.0,9.0,105.0,149.0,0.0,94.0,139.0,522.0,2.8850574,98.293106,143.3774,101.0,34.0,31.0,36.0,40.0,44.0,37.0,35.0,33.0,25.0,26.0,30.0,17.0,11.0,5.0,6.0,3.0,1.0,1.0,0.0,1.0,1.0,0.0,0.0,2.0,2.0,0.0,0.0,0.0,0.0,0.0,0.0,0.0,0.0,0.0,0.0,0.0,0.0,0.0,0.0,0.0,0.0,0.0,0.0,0.0,0.0,0.0,0.0,0.0,0.0,0.0,0.0,0.0,0.0,0.0,0.0,0.0,0.0,0.0,0.0,0.0,0.0,0.0,0.0,3998.0,469.0,448.0,720.0,617.0,936.0,756.0,1076.0,1094.0,836.0,1030.0,697.0,880.0,594.0,754.0,487.0,552.0,453.0,337.0,417.0,255.0,294.0,209.0,231.0,198.0,118.0,127.0,100.0,108.0,57.0,78.0,50.0,55.0,41.0,36.0,41.0,23.0,27.0,17.0,20.0,14.0,6.0,9.0,8.0,6.0,12.0,5.0,5.0,4.0,3.0,1.0,3.0,2.0,1.0,2.0,2.0,3.0,1.0,0.0,2.0,0.0,0.0,0.0,2.0,1.0782888,1.7280593,102.0,228.0,23.113028,34.661667,0.0,0.0,0.0,2.0592513,7.4414062,21.6424,35.939064,47.520313,102.0,-0.08368842,0.60639197,-0.79074967,0.70945907,-0.52098024,-0.47460243,0.69976,0.60072327,0.38661024,2.5782187,2.248308,2.097899,0.8437193,1.0735658,12065.0,669906.0,355.50256,903.8407
26,0,27,Pore,Pore,1.0,0.0,0.103748955,158.62576,273.39993,277.70538,1.0,17.862637,0.0,3209855.0,0.0,0.0,157.0,273.0,278.5,3581424.0,142.95555,269.54517,285.36432,371569.0,243.0,312.0,415.0,72.0,235.0,143.0,371569.0,142.95555,269.54517,285.36432,312.0,1763.0,7490.0,20119.0,38794.0,52638.0,56565.0,50100.0,40041.0,29575.0,21046.0,14895.0,10501.0,7522.0,5364.0,3700.0,2807.0,2007.0,1489.0,1082.0,843.0,682.0,474.0,357.0,289.0,213.0,177.0,122.0,90.0,80.0,50.0,52.0,45.0,37.0,34.0,25.0,36.0,19.0,18.0,18.0,18.0,9.0,2.0,12.0,5.0,3.0,1.0,3.0,4.0,6.0,2.0,1.0,0.0,2.0,3.0,0.0,2.0,2.0,2.0,2.0,1.0,2.0,2.0,14.0,63032.0,10614.0,21932.0,37185.0,55390.0,72360.0,83155.0,90010.0,91094.0,90193.0,87125.0,83738.0,79723.0,75291.0,71637.0,68885.0,66209.0,62984.0,60238.0,56975.0,53812.0,50669.0,47249.0,44589.0,41641.0,39084.0,36166.0,33677.0,30987.0,28803.0,26614.0,24836.0,22967.0,21062.0,19455.0,18325.0,16848.0,15911.0,14382.0,13351.0,12276.0,11471.0,10662.0,9657.0,8779.0,8302.0,7559.0,6998.0,6315.0,5910.0,5437.0,4982.0,4623.0,4183.0,3866.0,3514.0,3248.0,2953.0,2742.0,2480.0,2164.0,2123.0,1936.0,21237.0,11.497082,1.3771511,255.0,255.0,30.757444,73.32722,0.0,0.0,0.0,16.705011,21.769884,28.535084,37.32174,48.220043,255.0,-0.52173865,0.8529946,0.013748319,0.06251877,0.054302283,-0.99656546,0.8508115,0.51908714,0.08165977,77.474205,23.203691,12.257638,2.0853376,1.1895783,11428513.0,152639040.0,204.82634,2679.4392
27,0,28,0,Pore,1.0,0.0,0.4814815,28.705357,164.75893,149.5,1.0,1.2447954,0.0,112.0,0.0,0.0,28.5,164.5,149.0,216.0,28.278847,164.22116,148.46153,104.0,32.0,167.0,154.0,26.0,163.0,145.0,104.0,28.278847,164.22116,148.46153,0.0,1.0,2.0,4.0,8.0,8.0,13.0,19.0,17.0,18.0,6.0,3.0,3.0,2.0,0.0,0.0,0.0,0.0,0.0,0.0,0.0,0.0,0.0,0.0,0.0,0.0,0.0,0.0,0.0,0.0,0.0,0.0,0.0,0.0,0.0,0.0,0.0,0.0,0.0,0.0,0.0,0.0,0.0,0.0,0.0,0.0,0.0,0.0,0.0,0.0,0.0,0.0,0.0,0.0,0.0,0.0,0.0,0.0,0.0,0.0,0.0,0.0,0.0,0.0,28.0,57.0,167.0,316.0,617.0,1079.0,1513.0,2165.0,2549.0,2805.0,2741.0,2629.0,2272.0,1839.0,1451.0,1111.0,797.0,654.0,499.0,381.0,297.0,197.0,191.0,156.0,139.0,122.0,111.0,85.0,50.0,53.0,50.0,44.0,27.0,17.0,20.0,13.0,11.0,10.0,7.0,11.0,3.0,3.0,5.0,3.0,1.0,2.0,3.0,1.0,0.0,1.0,2.0,1.0,1.0,0.0,0.0,2.0,0.0,1.0,0.0,1.0,1.0,0.0,1.0,4.0,0.029351639,7.2104607,55.0,255.0,30.490385,46.11652,6.0,0.0,6.0,17.63086,24.825722,31.245888,37.1875,42.234375,55.0,0.005077296,0.97044194,0.24128121,0.17990775,-0.23823376,0.9543992,0.98367035,0.038562592,-0.17579961,2.027404,1.4408522,0.76764625,-0.060059115,1.7505286,3171.0,1259765.0,93.63452,422.61493
28,0,29,0,Pore,1.0,0.0,0.3314394,9.0325775,293.2663,150.41219,1.0,4.70076,0.0,1412.0,0.0,0.0,7.5,293.0,150.5,2112.0,4.4085712,292.46286,150.67714,700.0,16.0,299.0,157.0,0.0,288.0,145.0,700.0,4.4085712,292.46286,150.67714,2.0,2.0,24.0,17.0,40.0,62.0,115.0,100.0,126.0,81.0,63.0,35.0,16.0,12.0,4.0,1.0,0.0,0.0,0.0,0.0,0.0,0.0,0.0,0.0,0.0,0.0,0.0,0.0,0.0,0.0,0.0,0.0,0.0,0.0,0.0,0.0,0.0,0.0,0.0,0.0,0.0,0.0,0.0,0.0,0.0,0.0,0.0,0.0,0.0,0.0,0.0,0.0,0.0,0.0,0.0,0.0,0.0,0.0,0.0,0.0,0.0,0.0,0.0,0.0,109.0,53.0,82.0,163.0,269.0,434.0,564.0,787.0,1395.0,1242.0,1366.0,1449.0,1550.0,1597.0,1448.0,1408.0,1805.0,1099.0,1001.0,926.0,851.0,710.0,607.0,530.0,568.0,345.0,306.0,245.0,209.0,183.0,140.0,109.0,123.0,77.0,48.0,34.0,25.0,27.0,19.0,20.0,18.0,13.0,9.0,10.0,6.0,6.0,3.0,1.0,5.0,1.0,4.0,2.0,6.0,2.0,1.0,2.0,3.0,0.0,0.0,0.0,1.0,0.0,1.0,1.0,0.08614941,1.8486024,60.0,200.0,30.812857,48.16242,0.0,0.0,0.0,18.427734,24.876358,31.396875,37.679398,43.701637,60.0,0.9802056,0.007122627,0.19785424,-0.16624188,0.57234025,0.80298835,0.10752056,0.81998533,-0.5621952,3.6198878,2.397949,2.0923648,-0.035413004,0.88289934,21569.0,1156765.0,100.04355,441.8928
29,0,30,0,Pore,1.0,0.0,0.33308533,58.598736,95.5026,159.13872,1.0,1.9403586,0.0,5378.0,0.0,0.0,58.5,95.5,158.5,8064.0,58.302307,95.49479,157.22115,2686.0,71.0,103.0,171.0,47.0,89.0,147.0,2686.0,58.302307,95.49479,157.22115,780.0,74.0,82.0,107.0,138.0,177.0,204.0,168.0,193.0,181.0,130.0,102.0,99.0,63.0,58.0,35.0,18.0,24.0,14.0,15.0,8.0,2.0,2.0,1.0,1.0,0.0,4.0,2.0,1.0,0.0,0.0,0.0,0.0,0.0,1.0,0.0,1.0,0.0,1.0,0.0,0.0,0.0,0.0,0.0,0.0,0.0,0.0,0.0,0.0,0.0,0.0,0.0,0.0,0.0,0.0,0.0,0.0,0.0,0.0,0.0,0.0,0.0,0.0,0.0,32078.0,1007.0,1206.0,1489.0,1838.0,2119.0,2630.0,3056.0,3316.0,3654.0,3774.0,3837.0,3856.0,3602.0,3278.0,3001.0,2728.0,2345.0,2036.0,1753.0,1478.0,1363.0,1183.0,905.0,802.0,666.0,501.0,430.0,400.0,334.0,285.0,226.0,233.0,165.0,161.0,130.0,92.0,75.0,85.0,52.0,57.0,52.0,39.0,43.0,24.0,20.0,22.0,19.0,16.0,17.0,17.0,9.0,5.0,4.0,3.0,4.0,4.0,1.0,4.0,2.0,1.0,3.0,2.0,11.0,1.1095581,0.97933614,153.0,255.0,23.664185,35.279575,0.0,0.0,0.0,1.3720553,3.430138,23.56859,37.873577,51.088543,153.0,0.6528504,-0.74398196,0.14239801,0.2142326,0.36165988,0.9073624,0.72656095,0.56186557,-0.39549497,6.9765997,3.4484284,2.4824078,0.788484,0.9281867,63562.0,3265054.0,439.32877,1222.7286
30,0,31,Pore,Pore,1.0,0.0,0.1237354,64.61624,185.28069,274.92172,1.0,2.1033602,0.0,1531693.0,0.0,0.0,64.5,185.5,275.0,1747980.0,63.676804,187.05312,275.55426,216287.0,130.0,213.0,400.0,0.0,159.0,151.0,216287.0,63.676804,187.05312,275.55426,180.0,594.0,2398.0,7695.0,19172.0,33169.0,40397.0,36372.0,27038.0,18319.0,11358.0,7125.0,4541.0,2756.0,1768.0,1146.0,700.0,439.0,313.0,210.0,132.0,87.0,63.0,47.0,45.0,37.0,32.0,22.0,18.0,18.0,14.0,9.0,6.0,9.0,6.0,6.0,7.0,2.0,6.0,2.0,8.0,2.0,6.0,2.0,2.0,1.0,2.0,0.0,0.0,1.0,0.0,0.0,1.0,2.0,1.0,0.0,0.0,0.0,0.0,0.0,0.0,0.0,0.0,1.0,156610.0,5282.0,11182.0,21624.0,35456.0,52009.0,68505.0,81548.0,90799.0,94607.0,93136.0,88287.0,81655.0,73619.0,66091.0,58673.0,51534.0,45654.0,40244.0,35842.0,31119.0,27502.0,24686.0,21931.0,19598.0,17639.0,15978.0,14592.0,13071.0,12067.0,10979.0,10243.0,9180.0,8435.0,7775.0,7315.0,6510.0,6054.0,5370.0,5007.0,4801.0,4440.0,4062.0,3613.0,3286.0,3075.0,2870.0,2681.0,2414.0,2227.0,2124.0,1884.0,1746.0,1612.0,1515.0,1430.0,1276.0,1204.0,1146.0,1049.0,944.0,912.0,806.0,11533.0,11.819193,3.7629712,255.0,255.0,29.548271,57.081448,0.0,0.0,0.0,18.174025,22.808771,28.387796,35.152073,43.114704,255.0,0.040947787,0.998598,0.03354545,0.069282584,-0.036330547,0.9969353,0.9967563,-0.038498178,-0.0706731,60.06494,27.426725,7.7893515,1.851587,1.6462636,6390907.0,90762820.0,119.59722,2038.4884
31,0,32,0,Pore,1.0,0.0,0.3870574,250.23955,260.39343,156.84312,1.0,1.8272798,0.0,2008.0,0.0,0.0,250.0,260.5,157.5,3276.0,249.62067,260.66876,158.54022,1268.0,257.0,270.0,165.0,244.0,252.0,151.0,1268.0,249.62067,260.66876,158.54022,0.0,4.0,29.0,108.0,191.0,270.0,282.0,195.0,106.0,51.0,20.0,6.0,2.0,3.0,1.0,0.0,0.0,0.0,0.0,0.0,0.0,0.0,0.0,0.0,0.0,0.0,0.0,0.0,0.0,0.0,0.0,0.0,0.0,0.0,0.0,0.0,0.0,0.0,0.0,0.0,0.0,0.0,0.0,0.0,0.0,0.0,0.0,0.0,0.0,0.0,0.0,0.0,0.0,0.0,0.0,0.0,0.0,0.0,0.0,0.0,0.0,0.0,0.0,0.0,1709.0,2795.0,4128.0,4619.0,3958.0,3131.0,2485.0,1948.0,1732.0,1631.0,1568.0,1627.0,1691.0,1701.0,1636.0,1581.0,1510.0,1427.0,1304.0,1248.0,1124.0,1074.0,1000.0,889.0,795.0,738.0,649.0,503.0,462.0,429.0,354.0,294.0,242.0,226.0,144.0,141.0,134.0,131.0,123.0,87.0,75.0,55.0,53.0,53.0,45.0,37.0,26.0,15.0,12.0,10.0,10.0,6.0,7.0,4.0,3.0,2.0,5.0,2.0,1.0,1.0,1.0,1.0,1.0,5.0,0.66892177,0.81262255,56.0,255.0,24.233438,45.98513,4.0,0.0,4.0,15.413629,19.608967,24.358377,29.259615,34.213,56.0,0.53819543,0.050935164,-0.84127957,-0.79609066,-0.29702845,-0.5272701,0.27674055,-0.95350915,0.11931034,4.3780785,3.0505545,2.1493943,0.45508826,1.0370233,30728.0,2455514.0,53.05907,1357.2888
32,0,33,0,Pore,1.0,0.0,0.53061223,265.28986,138.28261,156.52174,1.0,0.7640395,0.0,138.0,0.0,0.0,265.0,138.0,156.5,294.0,264.7436,137.75,156.48077,156.0,269.0,142.0,160.0,262.0,135.0,154.0,156.0,264.7436,137.75,156.48077,3.0,6.0,12.0,29.0,31.0,43.0,23.0,7.0,1.0,1.0,0.0,0.0,0.0,0.0,0.0,0.0,0.0,0.0,0.0,0.0,0.0,0.0,0.0,0.0,0.0,0.0,0.0,0.0,0.0,0.0,0.0,0.0,0.0,0.0,0.0,0.0,0.0,0.0,0.0,0.0,0.0,0.0,0.0,0.0,0.0,0.0,0.0,0.0,0.0,0.0,0.0,0.0,0.0,0.0,0.0,0.0,0.0,0.0,0.0,0.0,0.0,0.0,0.0,0.0,290.0,193.0,434.0,423.0,907.0,741.0,1162.0,897.0,1430.0,922.0,1318.0,807.0,1168.0,730.0,1006.0,616.0,934.0,588.0,766.0,460.0,632.0,350.0,480.0,259.0,346.0,211.0,262.0,135.0,191.0,106.0,150.0,79.0,76.0,111.0,57.0,55.0,44.0,55.0,29.0,42.0,27.0,32.0,22.0,20.0,11.0,13.0,8.0,12.0,6.0,6.0,3.0,6.0,3.0,6.0,1.0,3.0,1.0,0.0,0.0,0.0,0.0,0.0,0.0,2.0,0.106751606,1.6505653,39.0,159.0,18.410257,33.98137,2.0,0.0,2.0,10.160156,14.426186,19.536291,23.257631,26.747282,39.0,-0.9137844,0.12300759,0.38712692,-0.36352912,-0.672862,-0.64428514,0.18123102,-0.7294696,0.6595676,1.6574262,1.5270658,1.3146443,-0.15316413,1.0726597,2872.0,667530.0,41.57528,415.87656
33,0,34,Pore,Pore,1.0,0.0,0.48538384,10.981387,171.30733,168.1347,1.0,4.186907,0.0,7253.0,0.0,0.0,13.0,171.5,168.0,14094.0,15.140184,171.70428,167.85718,6841.0,27.0,181.0,183.0,0.0,163.0,154.0,6841.0,15.140184,171.70428,167.85718,154.0,218.0,400.0,624.0,777.0,896.0,1016.0,872.0,692.0,516.0,291.0,185.0,99.0,57.0,26.0,9.0,6.0,3.0,0.0,0.0,0.0,0.0,0.0,0.0,0.0,0.0,0.0,0.0,0.0,0.0,0.0,0.0,0.0,0.0,0.0,0.0,0.0,0.0,0.0,0.0,0.0,0.0,0.0,0.0,0.0,0.0,0.0,0.0,0.0,0.0,0.0,0.0,0.0,0.0,0.0,0.0,0.0,0.0,0.0,0.0,0.0,0.0,0.0,0.0,616.0,723.0,1365.0,2193.0,2505.0,4387.0,5837.0,7113.0,7990.0,6533.0,8609.0,8174.0,7529.0,6476.0,4155.0,4525.0,3505.0,2722.0,2064.0,1211.0,1260.0,940.0,685.0,528.0,267.0,333.0,236.0,191.0,124.0,77.0,71.0,61.0,48.0,35.0,20.0,34.0,19.0,18.0,8.0,4.0,5.0,13.0,4.0,3.0,2.0,6.0,2.0,2.0,2.0,1.0,1.0,1.0,1.0,2.0,1.0,0.0,1.0,2.0,3.0,2.0,0.0,0.0,1.0,2.0,0.038186617,3.0953279,71.0,243.0,25.117235,42.773357,0.0,0.0,0.0,11.0775585,17.54894,25.284702,32.875412,39.781204,71.0,0.11119257,0.961072,-0.25293627,0.15620577,-0.26825267,-0.95059997,0.98144585,-0.06618954,0.17995271,6.4334664,6.120503,3.8471687,0.24069084,0.9495401,171827.0,3988530.0,126.27189,371.57187
34,0,35,0,Pore,1.0,0.0,0.49867725,73.56992,304.78363,160.00792,1.0,0.45623544,0.0,379.0,0.0,0.0,73.5,305.0,160.0,756.0,73.42971,305.2175,159.99203,377.0,80.0,309.0,165.0,68.0,302.0,156.0,377.0,73.42971,305.2175,159.99203,0.0,1.0,8.0,12.0,28.0,44.0,93.0,61.0,61.0,38.0,20.0,3.0,4.0,2.0,0.0,2.0,0.0,0.0,0.0,0.0,0.0,0.0,0.0,0.0,0.0,0.0,0.0,0.0,0.0,0.0,0.0,0.0,0.0,0.0,0.0,0.0,0.0,0.0,0.0,0.0,0.0,0.0,0.0,0.0,0.0,0.0,0.0,0.0,0.0,0.0,0.0,0.0,0.0,0.0,0.0,0.0,0.0,0.0,0.0,0.0,0.0,0.0,0.0,0.0,4094.0,174.0,217.0,506.0,564.0,1138.0,1109.0,1677.0,1367.0,1935.0,1395.0,1705.0,1134.0,1333.0,932.0,1180.0,1083.0,749.0,883.0,611.0,719.0,539.0,672.0,467.0,566.0,387.0,469.0,342.0,402.0,260.0,300.0,241.0,216.0,200.0,128.0,161.0,101.0,107.0,79.0,61.0,51.0,52.0,27.0,32.0,33.0,26.0,22.0,16.0,12.0,7.0,11.0,9.0,3.0,2.0,4.0,2.0,4.0,4.0,3.0,0.0,2.0,1.0,2.0,4.0,1.1425108,0.69673395,62.0,226.0,28.408487,46.76942,6.0,0.0,6.0,18.313894,23.959803,28.053919,34.210106,39.141243,62.0,0.9837305,0.0074663307,0.17949519,0.17711006,0.12712304,-0.9759466,0.030104715,-0.99185884,-0.12373246,2.756294,1.7994032,1.638989,0.37210697,0.8044882,10710.0,1427964.0,68.618286,1157.706
35,0,36,Pore,Pore,1.0,0.0,0.08833781,255.39339,156.98709,184.68045,1.0,10.291866,0.0,137052.0,0.0,0.0,255.0,157.0,185.5,150332.0,250.94014,157.13321,193.95782,13280.0,285.0,182.0,212.0,226.0,133.0,160.0,13280.0,250.94014,157.13321,193.95782,65.0,269.0,851.0,1820.0,2518.0,2811.0,2173.0,1369.0,711.0,359.0,184.0,81.0,41.0,17.0,9.0,1.0,1.0,0.0,0.0,0.0,0.0,0.0,0.0,0.0,0.0,0.0,0.0,0.0,0.0,0.0,0.0,0.0,0.0,0.0,0.0,0.0,0.0,0.0,0.0,0.0,0.0,0.0,0.0,0.0,0.0,0.0,0.0,0.0,0.0,0.0,0.0,0.0,0.0,0.0,0.0,0.0,0.0,0.0,0.0,0.0,0.0,0.0,0.0,0.0,4852.0,8914.0,17100.0,22878.0,23586.0,20400.0,16941.0,14892.0,13741.0,12487.0,11692.0,10192.0,9143.0,7733.0,6502.0,5360.0,4449.0,3596.0,2954.0,2556.0,2049.0,1777.0,1430.0,1319.0,1108.0,999.0,831.0,743.0,721.0,589.0,507.0,467.0,417.0,383.0,336.0,275.0,241.0,241.0,218.0,167.0,122.0,150.0,114.0,96.0,100.0,84.0,80.0,58.0,65.0,56.0,50.0,37.0,42.0,44.0,31.0,36.0,23.0,31.0,22.0,17.0,13.0,17.0,16.0,146.0,0.8246954,7.970798,64.0,255.0,21.586672,35.882763,0.0,0.0,0.0,12.266183,16.435942,21.505136,26.887655,32.300896,64.0,-0.70959854,-0.08156784,-0.699869,-0.43270883,-0.733464,0.5242076,0.5560872,-0.6748164,-0.4851699,21.277239,7.636909,3.77779,0.5429944,2.1902096,286671.0,8476800.0,64.842636,819.07684
36,0,37,Pore,Pore,1.0,0.0,0.4835227,8.774111,268.72644,170.11697,1.0,3.6861198,0.0,2727.0,0.0,0.0,10.5,268.5,170.5,5280.0,12.343517,268.25812,170.90913,2553.0,22.0,275.0,181.0,0.0,263.0,161.0,2553.0,12.343517,268.25812,170.90913,5.0,18.0,59.0,121.0,172.0,276.0,357.0,349.0,338.0,294.0,224.0,153.0,96.0,47.0,23.0,10.0,6.0,4.0,1.0,0.0,0.0,0.0,0.0,0.0,0.0,0.0,0.0,0.0,0.0,0.0,0.0,0.0,0.0,0.0,0.0,0.0,0.0,0.0,0.0,0.0,0.0,0.0,0.0,0.0,0.0,0.0,0.0,0.0,0.0,0.0,0.0,0.0,0.0,0.0,0.0,0.0,0.0,0.0,0.0,0.0,0.0,0.0,0.0,0.0,48.0,62.0,165.0,403.0,592.0,825.0,1620.0,1619.0,2021.0,3317.0,2879.0,3067.0,4556.0,3417.0,3358.0,4159.0,2779.0,2567.0,2964.0,2024.0,1754.0,1988.0,1264.0,1121.0,1260.0,823.0,693.0,849.0,475.0,448.0,512.0,330.0,260.0,323.0,195.0,179.0,184.0,109.0,72.0,97.0,60.0,48.0,54.0,36.0,35.0,37.0,16.0,16.0,23.0,12.0,11.0,17.0,4.0,5.0,4.0,5.0,1.0,2.0,2.0,0.0,1.0,2.0,0.0,1.0,0.0069798483,1.8990963,74.0,213.0,31.000391,53.293777,1.0,0.0,1.0,17.149029,23.722189,30.955969,38.837494,46.033855,74.0,-0.8953129,-0.42253977,-0.14097863,-0.14768085,-0.017019931,0.9888886,0.42024422,-0.90618455,0.047162868,4.930397,4.3864646,2.6810243,0.2411869,1.0520607,79144.0,2972194.0,122.90991,568.5237
37,0,38,0,Pore,1.0,0.0,0.5222222,95.8407,292.53372,181.02094,1.0,0.65681154,0.0,860.0,0.0,0.0,95.5,292.5,181.0,1800.0,95.1883,292.46915,180.98085,940.0,102.0,298.0,189.0,90.0,288.0,174.0,940.0,95.1883,292.46915,180.98085,0.0,1.0,2.0,12.0,22.0,73.0,155.0,203.0,210.0,115.0,78.0,36.0,13.0,12.0,5.0,2.0,1.0,0.0,0.0,0.0,0.0,0.0,0.0,0.0,0.0,0.0,0.0,0.0,0.0,0.0,0.0,0.0,0.0,0.0,0.0,0.0,0.0,0.0,0.0,0.0,0.0,0.0,0.0,0.0,0.0,0.0,0.0,0.0,0.0,0.0,0.0,0.0,0.0,0.0,0.0,0.0,0.0,0.0,0.0,0.0,0.0,0.0,0.0,0.0,161.0,46.0,113.0,157.0,380.0,659.0,1223.0,1904.0,2762.0,3723.0,4039.0,4478.0,4417.0,4169.0,3698.0,3273.0,2745.0,2428.0,2070.0,1725.0,1418.0,1250.0,1036.0,840.0,712.0,623.0,558.0,432.0,347.0,271.0,225.0,211.0,143.0,114.0,128.0,91.0,74.0,55.0,43.0,45.0,33.0,30.0,30.0,16.0,26.0,12.0,19.0,10.0,5.0,8.0,11.0,6.0,6.0,4.0,5.0,2.0,3.0,1.0,2.0,4.0,2.0,2.0,1.0,4.0,1.0941118,3.7397077,64.0,255.0,31.902128,58.52623,7.0,0.0,7.0,23.032963,27.119455,31.912947,36.794838,42.551083,64.0,-0.39947933,-0.83055276,-0.38807005,-0.13521162,-0.36530432,0.92101604,0.9067161,-0.42039844,-0.03363114,3.3164082,2.67684,2.273164,0.51855546,1.3618393,29988.0,3103529.0,63.00957,634.6902
38,0,39,Pore,Pore,1.0,0.0,0.42443374,35.274548,288.37753,196.13814,1.0,3.9509826,0.0,15043.0,0.0,0.0,36.5,288.5,195.0,26136.0,38.161816,288.6661,193.45659,11093.0,55.0,300.0,212.0,19.0,278.0,179.0,11093.0,38.161816,288.6661,193.45659,72.0,123.0,341.0,734.0,1166.0,1480.0,1678.0,1651.0,1369.0,1053.0,677.0,378.0,192.0,94.0,53.0,20.0,7.0,5.0,0.0,0.0,0.0,0.0,0.0,0.0,0.0,0.0,0.0,0.0,0.0,0.0,0.0,0.0,0.0,0.0,0.0,0.0,0.0,0.0,0.0,0.0,0.0,0.0,0.0,0.0,0.0,0.0,0.0,0.0,0.0,0.0,0.0,0.0,0.0,0.0,0.0,0.0,0.0,0.0,0.0,0.0,0.0,0.0,0.0,0.0,18116.0,439.0,787.0,1479.0,2574.0,3221.0,6033.0,8283.0,10176.0,11762.0,12282.0,9188.0,11492.0,10117.0,8536.0,7110.0,5649.0,3671.0,3964.0,3078.0,2530.0,1962.0,1513.0,931.0,1023.0,781.0,616.0,428.0,379.0,243.0,284.0,223.0,161.0,115.0,77.0,98.0,92.0,52.0,61.0,40.0,22.0,18.0,17.0,15.0,20.0,10.0,9.0,8.0,3.0,4.0,5.0,5.0,2.0,4.0,0.0,2.0,2.0,1.0,2.0,1.0,1.0,0.0,0.0,1.0,0.121467195,1.3515986,71.0,245.0,27.757235,42.543236,0.0,0.0,0.0,15.065171,20.829802,27.777838,35.002983,41.707638,71.0,-0.9792458,-0.10950666,0.1705461,-0.11705155,-0.38138607,-0.91697526,0.1654588,-0.9179068,0.36065277,8.166278,6.850261,4.38265,0.24971013,0.44255307,307911.0,6369488.0,107.74374,626.30646
39,0,40,Pore,Pore,1.0,0.0,0.34633502,73.01438,279.09647,216.0706,1.0,1.4440215,0.0,62442.0,0.0,0.0,73.5,279.0,216.0,95526.0,74.41654,278.81796,215.86673,33084.0,103.0,293.0,247.0,45.0,266.0,186.0,33084.0,74.41654,278.81796,215.86673,35.0,109.0,324.0,874.0,1845.0,3366.0,4402.0,4874.0,4697.0,3843.0,2840.0,1980.0,1326.0,848.0,600.0,323.0,253.0,186.0,104.0,83.0,56.0,39.0,24.0,12.0,11.0,6.0,11.0,3.0,3.0,2.0,1.0,0.0,1.0,1.0,1.0,1.0,0.0,0.0,0.0,0.0,0.0,0.0,0.0,0.0,0.0,0.0,0.0,0.0,0.0,0.0,0.0,0.0,0.0,0.0,0.0,0.0,0.0,0.0,0.0,0.0,0.0,0.0,0.0,0.0,19713.0,1279.0,2841.0,5104.0,8291.0,11250.0,14288.0,16610.0,18615.0,19974.0,20475.0,19708.0,18413.0,16564.0,14833.0,13250.0,11757.0,10476.0,9161.0,8364.0,7437.0,6672.0,6052.0,5283.0,4772.0,4362.0,3819.0,3402.0,2927.0,2699.0,2273.0,2028.0,1863.0,1603.0,1523.0,1335.0,1190.0,1093.0,998.0,859.0,851.0,727.0,686.0,600.0,526.0,500.0,475.0,432.0,378.0,355.0,302.0,303.0,269.0,242.0,236.0,232.0,195.0,167.0,150.0,151.0,131.0,122.0,110.0,1509.0,2.9200277,4.0601454,142.0,255.0,33.556763,57.806698,0.0,0.0,0.0,20.065578,25.46126,32.479824,40.46666,49.57512,142.0,-0.63022274,0.77307934,0.07188604,0.10274372,0.17481276,-0.97922635,0.76958627,0.6097449,0.18960004,18.394768,8.943238,5.2196293,1.0552934,1.6096942,1110192.0,19238358.0,155.56512,1661.0409
40,0,41,Pore,Pore,1.0,0.0,0.36687538,223.17635,107.31592,204.52493,1.0,4.6435337,0.0,14358.0,0.0,0.0,222.0,108.0,203.5,22678.0,219.96996,109.18053,201.73125,8320.0,234.0,123.0,221.0,211.0,94.0,187.0,8320.0,219.96996,109.18053,201.73125,479.0,344.0,810.0,1408.0,1623.0,1414.0,963.0,581.0,305.0,208.0,92.0,57.0,25.0,6.0,3.0,0.0,1.0,1.0,0.0,0.0,0.0,0.0,0.0,0.0,0.0,0.0,0.0,0.0,0.0,0.0,0.0,0.0,0.0,0.0,0.0,0.0,0.0,0.0,0.0,0.0,0.0,0.0,0.0,0.0,0.0,0.0,0.0,0.0,0.0,0.0,0.0,0.0,0.0,0.0,0.0,0.0,0.0,0.0,0.0,0.0,0.0,0.0,0.0,0.0,13428.0,1613.0,3201.0,5707.0,8263.0,10236.0,11031.0,11013.0,10533.0,9686.0,8827.0,8117.0,9415.0,6042.0,5075.0,4404.0,3633.0,3148.0,2609.0,2116.0,1858.0,1533.0,1273.0,1091.0,884.0,942.0,634.0,514.0,436.0,359.0,286.0,265.0,204.0,172.0,152.0,116.0,126.0,111.0,107.0,74.0,58.0,59.0,47.0,45.0,43.0,45.0,35.0,23.0,23.0,25.0,21.0,8.0,16.0,9.0,11.0,6.0,7.0,2.0,3.0,2.0,3.0,2.0,0.0,2.0,0.67623323,3.3996844,71.0,197.0,18.694351,30.713816,0.0,0.0,0.0,8.0130205,13.218051,18.684584,24.576519,30.956057,71.0,-0.07577703,-0.6000367,-0.79637545,0.63440704,-0.6451831,0.425754,0.769276,0.4729638,-0.42955753,8.925234,5.4846773,3.960733,0.3709866,1.2760007,155537.0,4598749.0,86.09564,446.85883
41,0,42,Pore,Pore,1.0,0.0,0.243555,63.266075,94.17674,208.40639,1.0,4.2764835,0.0,21772.0,0.0,0.0,63.5,95.0,209.0,28782.0,64.22653,97.556915,210.84366,7010.0,77.0,109.0,230.0,51.0,82.0,189.0,7010.0,64.22653,97.556915,210.84366,586.0,373.0,586.0,801.0,921.0,876.0,767.0,612.0,499.0,337.0,225.0,182.0,110.0,66.0,37.0,16.0,12.0,3.0,1.0,0.0,0.0,0.0,0.0,0.0,0.0,0.0,0.0,0.0,0.0,0.0,0.0,0.0,0.0,0.0,0.0,0.0,0.0,0.0,0.0,0.0,0.0,0.0,0.0,0.0,0.0,0.0,0.0,0.0,0.0,0.0,0.0,0.0,0.0,0.0,0.0,0.0,0.0,0.0,0.0,0.0,0.0,0.0,0.0,0.0,20413.0,4617.0,6225.0,8048.0,9714.0,11282.0,11940.0,12240.0,12042.0,11542.0,10637.0,9164.0,7924.0,6686.0,5489.0,4505.0,3625.0,2799.0,2321.0,1893.0,1426.0,1194.0,928.0,792.0,671.0,576.0,419.0,333.0,266.0,259.0,209.0,148.0,127.0,105.0,85.0,63.0,48.0,46.0,43.0,41.0,19.0,14.0,35.0,18.0,18.0,11.0,14.0,6.0,5.0,7.0,10.0,7.0,4.0,6.0,6.0,5.0,1.0,0.0,3.0,1.0,1.0,1.0,3.0,8.0,0.039380938,2.9657564,73.0,255.0,21.566334,34.267803,0.0,0.0,0.0,5.2128015,12.985282,21.004387,30.152994,39.26442,73.0,-0.06973942,-0.93409115,0.35015726,-0.4286672,-0.28889042,-0.8560296,0.9007668,-0.20979995,-0.3802672,12.485499,5.519498,3.2890525,0.45996073,1.0983838,151180.0,5862810.0,166.05815,617.6242
42,0,43,Pore,Pore,1.0,0.0,0.46053946,132.05833,68.11018,228.63426,1.0,0.39783502,0.0,1080.0,0.0,0.0,132.0,68.0,228.5,2002.0,131.93167,67.87093,228.34273,922.0,139.0,74.0,236.0,126.0,63.0,222.0,922.0,131.93167,67.87093,228.34273,15.0,21.0,42.0,76.0,89.0,122.0,118.0,117.0,106.0,70.0,50.0,42.0,25.0,8.0,4.0,6.0,4.0,2.0,2.0,3.0,0.0,0.0,0.0,0.0,0.0,0.0,0.0,0.0,0.0,0.0,0.0,0.0,0.0,0.0,0.0,0.0,0.0,0.0,0.0,0.0,0.0,0.0,0.0,0.0,0.0,0.0,0.0,0.0,0.0,0.0,0.0,0.0,0.0,0.0,0.0,0.0,0.0,0.0,0.0,0.0,0.0,0.0,0.0,0.0,16173.0,334.0,520.0,857.0,1140.0,1511.0,1898.0,2187.0,2321.0,2429.0,2483.0,2371.0,2241.0,2028.0,1764.0,1465.0,1342.0,1161.0,1017.0,808.0,709.0,527.0,473.0,391.0,308.0,251.0,186.0,174.0,159.0,126.0,97.0,79.0,59.0,54.0,50.0,38.0,30.0,23.0,21.0,19.0,16.0,16.0,18.0,8.0,12.0,7.0,5.0,7.0,4.0,5.0,2.0,4.0,3.0,6.0,4.0,2.0,2.0,3.0,2.0,0.0,0.0,2.0,1.0,3.0,0.9244636,1.3710475,79.0,255.0,27.549892,33.562355,0.0,0.0,0.0,12.697574,19.362272,27.147776,35.314342,44.188618,79.0,-0.4632028,-0.87696826,0.12794456,-0.2172586,0.25232223,0.9429381,0.85921,-0.4089745,0.30740526,3.2488098,2.6170244,2.3356917,0.5722898,0.91900843,25401.0,1676641.0,156.86139,1001.03284
43,0,44,0,Pore,1.0,0.0,0.46349207,235.7929,243.66864,239.79881,1.0,0.9482492,0.0,169.0,0.0,0.0,236.0,244.0,240.0,315.0,236.23973,244.38356,240.23288,146.0,239.0,248.0,245.0,234.0,241.0,236.0,146.0,236.23973,244.38356,240.23288,0.0,0.0,0.0,6.0,18.0,15.0,37.0,31.0,15.0,12.0,6.0,4.0,2.0,0.0,0.0,0.0,0.0,0.0,0.0,0.0,0.0,0.0,0.0,0.0,0.0,0.0,0.0,0.0,0.0,0.0,0.0,0.0,0.0,0.0,0.0,0.0,0.0,0.0,0.0,0.0,0.0,0.0,0.0,0.0,0.0,0.0,0.0,0.0,0.0,0.0,0.0,0.0,0.0,0.0,0.0,0.0,0.0,0.0,0.0,0.0,0.0,0.0,0.0,0.0,45.0,207.0,759.0,1384.0,2135.0,2500.0,2601.0,2442.0,2251.0,1909.0,1722.0,1468.0,900.0,1097.0,1068.0,932.0,794.0,654.0,537.0,441.0,430.0,287.0,274.0,222.0,230.0,119.0,144.0,112.0,99.0,93.0,67.0,69.0,56.0,40.0,33.0,36.0,23.0,17.0,12.0,20.0,19.0,14.0,8.0,10.0,4.0,8.0,11.0,4.0,3.0,3.0,4.0,4.0,1.0,2.0,2.0,5.0,2.0,0.0,2.0,3.0,1.0,0.0,2.0,1.0,-0.07062052,4.8710885,50.0,251.0,27.753426,41.80132,13.0,0.0,13.0,17.841146,23.242188,27.567568,32.539062,38.98047,50.0,-0.23562656,0.49658346,0.8353951,-0.3296785,-0.8494697,0.4119627,0.9142167,-0.17834246,0.36387053,2.080109,1.5836222,0.976941,0.36570185,1.7130282,4052.0,1184733.0,60.788517,678.61633
44,0,45,0,Pore,1.0,0.0,0.5555556,90.145836,110.53125,244.34375,1.0,0.6990507,0.0,96.0,0.0,0.0,90.5,110.5,244.5,216.0,90.78333,110.475,244.625,120.0,94.0,114.0,248.0,88.0,108.0,242.0,120.0,90.78333,110.475,244.625,0.0,0.0,2.0,9.0,27.0,24.0,17.0,16.0,8.0,5.0,7.0,3.0,1.0,0.0,1.0,0.0,0.0,0.0,0.0,0.0,0.0,0.0,0.0,0.0,0.0,0.0,0.0,0.0,0.0,0.0,0.0,0.0,0.0,0.0,0.0,0.0,0.0,0.0,0.0,0.0,0.0,0.0,0.0,0.0,0.0,0.0,0.0,0.0,0.0,0.0,0.0,0.0,0.0,0.0,0.0,0.0,0.0,0.0,0.0,0.0,0.0,0.0,0.0,0.0,103.0,140.0,228.0,469.0,733.0,1085.0,1358.0,1548.0,1625.0,1674.0,1542.0,1355.0,1189.0,1066.0,925.0,937.0,591.0,424.0,339.0,288.0,240.0,197.0,157.0,127.0,118.0,101.0,88.0,73.0,44.0,50.0,42.0,39.0,31.0,23.0,16.0,18.0,9.0,9.0,14.0,8.0,10.0,5.0,7.0,6.0,8.0,5.0,5.0,7.0,5.0,5.0,3.0,2.0,0.0,0.0,0.0,1.0,0.0,0.0,0.0,0.0,0.0,1.0,0.0,1.0,0.5995669,5.4198494,57.0,196.0,25.308332,35.006126,10.0,0.0,10.0,16.08507,18.74132,23.574219,30.629883,39.84375,57.0,-0.30855423,0.9150605,0.25972778,0.9157207,0.21186961,0.3414189,0.25739053,0.34318435,-0.90331316,1.5144576,1.3974851,1.2139162,0.90712506,1.6724447,3037.0,668407.0,81.2966,340.6668
45,0,46,0,Pore,1.0,0.0,0.206601,30.82981,307.57605,309.90073,1.0,18.182598,0.0,197166.0,0.0,0.0,29.0,306.5,313.0,248508.0,21.973082,302.36774,324.902,51342.0,59.0,325.0,372.0,0.0,289.0,255.0,51342.0,21.973082,302.36774,324.902,201.0,237.0,649.0,1508.0,3048.0,4491.0,6006.0,6714.0,6500.0,5729.0,4446.0,3463.0,2432.0,1824.0,1231.0,827.0,583.0,411.0,291.0,194.0,155.0,121.0,93.0,49.0,41.0,30.0,21.0,12.0,9.0,8.0,5.0,7.0,4.0,1.0,1.0,0.0,0.0,0.0,0.0,0.0,0.0,0.0,0.0,0.0,0.0,0.0,0.0,0.0,0.0,0.0,0.0,0.0,0.0,0.0,0.0,0.0,0.0,0.0,0.0,0.0,0.0,0.0,0.0,0.0,51363.0,739.0,1149.0,2126.0,3970.0,6548.0,9502.0,11557.0,13268.0,14630.0,15232.0,16267.0,17053.0,16912.0,16492.0,15704.0,15107.0,14454.0,13666.0,13301.0,12653.0,12039.0,11563.0,10766.0,10370.0,10043.0,9507.0,9063.0,8603.0,8110.0,7777.0,7398.0,6904.0,6563.0,6046.0,5642.0,5169.0,4831.0,4406.0,4075.0,3728.0,3510.0,3248.0,3052.0,2687.0,2496.0,2271.0,2095.0,1954.0,1857.0,1549.0,1483.0,1290.0,1247.0,1132.0,1028.0,875.0,827.0,731.0,722.0,588.0,550.0,511.0,6020.0,2.4463236,0.4686033,136.0,255.0,35.011414,79.977264,0.0,0.0,0.0,19.256767,25.698423,33.60177,42.91179,53.50902,136.0,-0.13140596,0.98547447,-0.107575715,0.15378977,-0.086937636,-0.9842716,0.9793269,0.1458832,0.14013177,29.91327,11.544164,5.370698,1.014214,0.8016532,1797556.0,38070700.0,205.97182,3196.775
46,0,47,0,Pore,1.0,0.0,0.47596154,21.881075,94.0415,294.6332,1.0,8.476065,0.0,35207.0,0.0,0.0,18.5,93.5,292.5,67184.0,14.777403,92.90381,290.15134,31977.0,38.0,107.0,327.0,0.0,81.0,259.0,31977.0,14.777403,92.90381,290.15134,310.0,559.0,1400.0,2819.0,4274.0,5585.0,5482.0,4386.0,3091.0,1927.0,1100.0,529.0,277.0,138.0,63.0,27.0,7.0,3.0,0.0,0.0,0.0,0.0,0.0,0.0,0.0,0.0,0.0,0.0,0.0,0.0,0.0,0.0,0.0,0.0,0.0,0.0,0.0,0.0,0.0,0.0,0.0,0.0,0.0,0.0,0.0,0.0,0.0,0.0,0.0,0.0,0.0,0.0,0.0,0.0,0.0,0.0,0.0,0.0,0.0,0.0,0.0,0.0,0.0,0.0,13592.0,1249.0,2973.0,5641.0,9349.0,13444.0,16035.0,16912.0,17232.0,16344.0,14864.0,13611.0,12096.0,10325.0,9087.0,7690.0,6739.0,5772.0,4993.0,4435.0,3991.0,3495.0,3042.0,2630.0,2411.0,2238.0,2011.0,1744.0,1649.0,1506.0,1312.0,1180.0,1083.0,895.0,867.0,733.0,653.0,614.0,542.0,486.0,424.0,355.0,371.0,309.0,327.0,251.0,229.0,195.0,151.0,144.0,164.0,156.0,111.0,97.0,113.0,80.0,87.0,86.0,71.0,56.0,60.0,46.0,54.0,482.0,0.40903798,4.8409495,69.0,255.0,24.75423,49.915123,0.0,0.0,0.0,13.26575,18.64681,24.663223,31.11896,37.66506,69.0,0.30100918,0.9112614,0.28106254,-0.060793627,0.31246936,-0.9479805,0.9516815,-0.268264,-0.14945503,17.10746,7.9323173,5.456664,0.3323769,1.7743181,791566.0,11973839.0,90.90688,1345.6421
47,0,48,0,Pore,1.0,0.0,0.51496387,20.34468,318.91595,267.68884,1.0,1.6999104,0.0,1880.0,0.0,0.0,20.0,318.5,267.0,3876.0,19.67535,318.10822,266.3512,1996.0,30.0,325.0,276.0,11.0,313.0,259.0,1996.0,19.67535,318.10822,266.3512,50.0,42.0,63.0,87.0,155.0,185.0,286.0,261.0,233.0,181.0,131.0,89.0,81.0,51.0,27.0,25.0,14.0,13.0,11.0,2.0,3.0,1.0,2.0,0.0,0.0,2.0,0.0,1.0,0.0,0.0,0.0,0.0,0.0,0.0,0.0,0.0,0.0,0.0,0.0,0.0,0.0,0.0,0.0,0.0,0.0,0.0,0.0,0.0,0.0,0.0,0.0,0.0,0.0,0.0,0.0,0.0,0.0,0.0,0.0,0.0,0.0,0.0,0.0,0.0,19846.0,109.0,176.0,234.0,361.0,509.0,758.0,1039.0,1341.0,1672.0,1694.0,1726.0,1483.0,1402.0,1298.0,1167.0,1206.0,1074.0,1086.0,1128.0,1167.0,1070.0,1114.0,991.0,990.0,952.0,847.0,791.0,801.0,743.0,661.0,605.0,517.0,490.0,436.0,356.0,318.0,263.0,231.0,218.0,174.0,144.0,110.0,95.0,98.0,75.0,58.0,47.0,36.0,28.0,33.0,28.0,11.0,12.0,15.0,5.0,8.0,7.0,1.0,2.0,0.0,7.0,3.0,10.0,1.5480036,-0.3106421,110.0,255.0,30.660822,48.383446,0.0,0.0,0.0,13.995689,22.118666,29.87518,38.831146,49.45544,110.0,-0.8457294,-0.523607,-0.102847084,-0.15925692,0.063722454,0.98517853,0.50929266,-0.8495735,0.13727999,4.74767,3.2915483,2.7604089,0.6425675,0.7137541,61199.0,2606755.0,207.07785,2332.2026
48,0,49,0,Pore,1.0,0.0,0.4249183,73.44779,88.21594,269.6512,1.0,4.8793507,0.0,7039.0,0.0,0.0,71.5,88.5,269.0,12240.0,68.86387,88.884445,268.11862,5201.0,90.0,99.0,278.0,54.0,79.0,261.0,5201.0,68.86387,88.884445,268.11862,11.0,31.0,136.0,354.0,580.0,871.0,994.0,789.0,516.0,364.0,241.0,145.0,70.0,41.0,25.0,14.0,12.0,7.0,0.0,0.0,0.0,0.0,0.0,0.0,0.0,0.0,0.0,0.0,0.0,0.0,0.0,0.0,0.0,0.0,0.0,0.0,0.0,0.0,0.0,0.0,0.0,0.0,0.0,0.0,0.0,0.0,0.0,0.0,0.0,0.0,0.0,0.0,0.0,0.0,0.0,0.0,0.0,0.0,0.0,0.0,0.0,0.0,0.0,0.0,5872.0,1337.0,2607.0,4000.0,4665.0,4355.0,3815.0,3176.0,3092.0,2992.0,2975.0,2971.0,2839.0,2856.0,2544.0,2530.0,2404.0,2300.0,2044.0,1941.0,1825.0,1768.0,1603.0,1330.0,1267.0,1162.0,1079.0,963.0,859.0,771.0,729.0,636.0,557.0,516.0,431.0,387.0,309.0,267.0,257.0,224.0,209.0,168.0,159.0,142.0,106.0,103.0,87.0,81.0,72.0,61.0,60.0,38.0,33.0,32.0,22.0,22.0,24.0,22.0,14.0,15.0,22.0,9.0,14.0,135.0,1.0822825,1.6913327,71.0,255.0,27.019804,53.240475,0.0,0.0,0.0,15.803562,20.783022,26.381453,32.915493,40.420742,71.0,-0.9505229,0.28563517,0.12214255,-0.26435217,-0.95022076,0.1649195,0.1631692,0.124471106,0.9787148,8.0147,4.0885234,3.5640795,0.7137334,1.1459795,140530.0,4254180.0,97.308395,1733.1967
49,0,50,0,Pore,1.0,0.0,0.34285715,224.40579,249.10869,267.1087,1.0,0.52583927,0.0,138.0,0.0,0.0,224.5,249.0,267.0,210.0,224.68056,248.79167,266.79166,72.0,228.0,252.0,271.0,222.0,247.0,264.0,72.0,224.68056,248.79167,266.79166,0.0,0.0,0.0,0.0,0.0,2.0,13.0,15.0,22.0,11.0,8.0,1.0,0.0,0.0,0.0,0.0,0.0,0.0,0.0,0.0,0.0,0.0,0.0,0.0,0.0,0.0,0.0,0.0,0.0,0.0,0.0,0.0,0.0,0.0,0.0,0.0,0.0,0.0,0.0,0.0,0.0,0.0,0.0,0.0,0.0,0.0,0.0,0.0,0.0,0.0,0.0,0.0,0.0,0.0,0.0,0.0,0.0,0.0,0.0,0.0,0.0,0.0,0.0,0.0,1588.0,8.0,9.0,34.0,73.0,134.0,223.0,346.0,732.0,719.0,852.0,969.0,1500.0,1067.0,1062.0,1020.0,1560.0,1010.0,960.0,912.0,1213.0,721.0,646.0,604.0,731.0,405.0,380.0,315.0,409.0,218.0,161.0,137.0,168.0,105.0,73.0,65.0,71.0,27.0,35.0,18.0,30.0,15.0,14.0,11.0,11.0,9.0,3.0,8.0,4.0,4.0,7.0,1.0,3.0,3.0,2.0,5.0,1.0,0.0,0.0,0.0,1.0,0.0,0.0,2.0,-0.43535772,0.8631303,45.0,144.0,32.583332,36.724525,21.0,0.0,21.0,25.5,28.6875,32.961647,36.583805,40.740234,45.0,-0.6046323,-0.6596703,-0.44637972,-0.37423995,-0.259427,0.8903045,0.7031104,-0.70536,0.09001701,1.9043924,1.0358441,0.77303123,0.06982801,0.23031445,2346.0,786419.0,26.493055,333.1826
50,0,51,0,Pore,1.0,0.0,0.3515625,206.08215,251.29266,284.02737,1.0,2.8815796,0.0,4565.0,0.0,0.0,206.5,250.5,284.5,7040.0,207.2707,249.03798,285.3717,2475.0,217.0,262.0,293.0,197.0,240.0,277.0,2475.0,207.2707,249.03798,285.3717,0.0,0.0,2.0,33.0,144.0,392.0,589.0,575.0,434.0,211.0,71.0,13.0,9.0,2.0,0.0,0.0,0.0,0.0,0.0,0.0,0.0,0.0,0.0,0.0,0.0,0.0,0.0,0.0,0.0,0.0,0.0,0.0,0.0,0.0,0.0,0.0,0.0,0.0,0.0,0.0,0.0,0.0,0.0,0.0,0.0,0.0,0.0,0.0,0.0,0.0,0.0,0.0,0.0,0.0,0.0,0.0,0.0,0.0,0.0,0.0,0.0,0.0,0.0,0.0,8047.0,70.0,297.0,1209.0,2951.0,4792.0,5269.0,5081.0,4860.0,4714.0,4630.0,4069.0,3461.0,2789.0,2195.0,1747.0,1376.0,1199.0,939.0,767.0,696.0,546.0,452.0,376.0,320.0,283.0,227.0,160.0,174.0,129.0,92.0,84.0,78.0,64.0,32.0,35.0,25.0,23.0,20.0,12.0,6.0,16.0,15.0,8.0,5.0,10.0,3.0,1.0,3.0,5.0,1.0,3.0,2.0,0.0,1.0,2.0,0.0,0.0,1.0,0.0,0.0,0.0,1.0,1.0,0.14876403,2.5899658,54.0,255.0,28.259394,37.6438,11.0,0.0,11.0,20.618124,24.229261,28.427649,32.988148,36.964046,54.0,0.61426044,-0.5783668,-0.5368203,0.65071696,0.7560856,-0.070014335,-0.44637603,0.30631104,-0.8407865,4.524719,4.167917,2.9311044,0.25071427,1.0071555,69942.0,2423282.0,38.623623,637.38525
51,0,52,0,Pore,1.0,0.0,0.4903846,4.3567753,315.4288,290.2247,1.0,2.0067763,0.0,583.0,0.0,0.0,3.5,315.0,290.0,1144.0,2.6096256,314.55438,289.76648,561.0,8.0,321.0,297.0,0.0,310.0,284.0,561.0,2.6096256,314.55438,289.76648,15.0,11.0,17.0,32.0,62.0,78.0,100.0,79.0,71.0,35.0,22.0,16.0,8.0,11.0,2.0,1.0,1.0,0.0,0.0,0.0,0.0,0.0,0.0,0.0,0.0,0.0,0.0,0.0,0.0,0.0,0.0,0.0,0.0,0.0,0.0,0.0,0.0,0.0,0.0,0.0,0.0,0.0,0.0,0.0,0.0,0.0,0.0,0.0,0.0,0.0,0.0,0.0,0.0,0.0,0.0,0.0,0.0,0.0,0.0,0.0,0.0,0.0,0.0,0.0,6983.0,68.0,113.0,131.0,235.0,369.0,548.0,510.0,783.0,901.0,908.0,911.0,950.0,875.0,836.0,585.0,796.0,730.0,692.0,631.0,615.0,561.0,525.0,330.0,462.0,414.0,383.0,335.0,330.0,251.0,237.0,174.0,189.0,154.0,138.0,106.0,108.0,75.0,66.0,46.0,56.0,38.0,39.0,27.0,14.0,9.0,6.0,7.0,15.0,9.0,4.0,2.0,2.0,3.0,4.0,2.0,9.0,3.0,1.0,1.0,1.0,0.0,0.0,2.0,0.5214913,-0.14354762,64.0,248.0,26.525846,47.736958,0.0,0.0,0.0,13.5842285,20.08789,26.516016,33.376156,40.73118,64.0,-0.13044043,-0.533856,-0.83545387,0.5374227,-0.74619037,0.39290804,0.8331639,0.39774075,-0.3842397,3.2319672,2.105836,1.9128715,0.19863279,0.5988986,14881.0,1160390.0,120.41689,1722.6271
52,0,53,0,Pore,1.0,0.0,0.4949495,66.07,80.333336,302.28,1.0,0.67336833,0.0,300.0,0.0,0.0,66.0,80.5,302.0,594.0,65.92857,80.67007,301.7143,294.0,72.0,84.0,307.0,61.0,78.0,298.0,294.0,65.92857,80.67007,301.7143,0.0,2.0,8.0,24.0,57.0,53.0,54.0,64.0,21.0,10.0,1.0,0.0,0.0,0.0,0.0,0.0,0.0,0.0,0.0,0.0,0.0,0.0,0.0,0.0,0.0,0.0,0.0,0.0,0.0,0.0,0.0,0.0,0.0,0.0,0.0,0.0,0.0,0.0,0.0,0.0,0.0,0.0,0.0,0.0,0.0,0.0,0.0,0.0,0.0,0.0,0.0,0.0,0.0,0.0,0.0,0.0,0.0,0.0,0.0,0.0,0.0,0.0,0.0,0.0,3411.0,503.0,1116.0,1744.0,2164.0,2213.0,1953.0,1490.0,1195.0,919.0,774.0,668.0,659.0,543.0,568.0,593.0,679.0,667.0,769.0,735.0,730.0,677.0,621.0,600.0,532.0,459.0,421.0,386.0,312.0,277.0,246.0,228.0,181.0,144.0,152.0,132.0,107.0,105.0,94.0,61.0,68.0,56.0,50.0,37.0,40.0,20.0,25.0,20.0,17.0,13.0,14.0,14.0,11.0,10.0,6.0,10.0,8.0,9.0,2.0,4.0,4.0,6.0,4.0,40.0,-0.63782567,1.3743423,41.0,255.0,23.47619,48.131615,7.0,0.0,7.0,15.173828,18.698603,24.127604,29.291382,32.368305,41.0,0.9765621,-0.18273164,0.11373486,-0.10159072,0.07452905,0.9920306,0.18975194,0.9803339,-0.054218408,2.49587,1.9843992,1.2821875,-0.04448334,1.1478649,6902.0,1459158.0,44.854874,1761.987
53,0,54,0,Pore,1.0,0.0,0.45777777,250.71721,178.70082,301.13934,1.0,0.8630914,0.0,244.0,0.0,0.0,250.5,179.0,301.0,450.0,250.24272,179.35437,300.83496,206.0,256.0,184.0,304.0,246.0,175.0,299.0,206.0,250.24272,179.35437,300.83496,0.0,0.0,3.0,3.0,28.0,58.0,62.0,27.0,17.0,6.0,2.0,0.0,0.0,0.0,0.0,0.0,0.0,0.0,0.0,0.0,0.0,0.0,0.0,0.0,0.0,0.0,0.0,0.0,0.0,0.0,0.0,0.0,0.0,0.0,0.0,0.0,0.0,0.0,0.0,0.0,0.0,0.0,0.0,0.0,0.0,0.0,0.0,0.0,0.0,0.0,0.0,0.0,0.0,0.0,0.0,0.0,0.0,0.0,0.0,0.0,0.0,0.0,0.0,0.0,4.0,3.0,14.0,17.0,36.0,68.0,185.0,265.0,461.0,611.0,707.0,840.0,1432.0,1038.0,1038.0,1056.0,990.0,912.0,854.0,798.0,704.0,584.0,573.0,516.0,449.0,623.0,326.0,342.0,249.0,252.0,199.0,185.0,170.0,119.0,99.0,76.0,73.0,55.0,79.0,44.0,18.0,26.0,20.0,24.0,15.0,11.0,12.0,13.0,7.0,6.0,7.0,9.0,3.0,2.0,0.0,1.0,2.0,1.0,0.0,1.0,0.0,1.0,0.0,1.0,0.3779203,1.3950629,41.0,134.0,24.56796,38.941658,9.0,1.0,9.0,18.015066,21.124058,24.613155,27.964409,32.90625,41.0,-0.77605194,-0.62202865,-0.10403709,0.6084474,-0.69504637,-0.38301748,0.16593723,-0.36054254,0.9178638,2.6461265,1.5379463,1.0877227,0.36918658,0.9825413,5061.0,670809.0,30.847322,238.84955
54,0,55,0,Pore,1.0,0.0,0.27814007,234.34395,133.54639,320.67596,1.0,5.9954014,0.0,66414.0,0.0,0.0,234.0,134.5,322.0,92004.0,233.10735,136.97491,325.4363,25590.0,260.0,157.0,343.0,209.0,113.0,302.0,25590.0,233.10735,136.97491,325.4363,620.0,541.0,925.0,1491.0,2355.0,3509.0,4181.0,4005.0,2943.0,2088.0,1205.0,816.0,425.0,227.0,107.0,72.0,41.0,13.0,11.0,7.0,6.0,1.0,1.0,0.0,0.0,0.0,0.0,0.0,0.0,0.0,0.0,0.0,0.0,0.0,0.0,0.0,0.0,0.0,0.0,0.0,0.0,0.0,0.0,0.0,0.0,0.0,0.0,0.0,0.0,0.0,0.0,0.0,0.0,0.0,0.0,0.0,0.0,0.0,0.0,0.0,0.0,0.0,0.0,0.0,19076.0,1191.0,1615.0,2069.0,3924.0,4079.0,5420.0,6583.0,10835.0,9548.0,10369.0,10943.0,14845.0,11488.0,11598.0,11468.0,14731.0,10338.0,9423.0,8413.0,9622.0,6060.0,5183.0,4217.0,4470.0,2575.0,2111.0,1612.0,1750.0,1039.0,783.0,640.0,695.0,369.0,279.0,249.0,238.0,140.0,112.0,117.0,99.0,66.0,57.0,44.0,42.0,29.0,17.0,14.0,25.0,17.0,8.0,5.0,9.0,3.0,3.0,6.0,1.0,3.0,1.0,2.0,1.0,0.0,1.0,1.0,0.7615969,0.40007716,89.0,208.0,26.85678,44.72349,0.0,0.0,0.0,13.217115,20.450438,27.102518,33.99445,41.077087,89.0,0.7943663,-0.46072885,-0.39586753,0.09915761,0.74131054,-0.663797,-0.5992912,-0.4880447,-0.6345569,11.650475,9.495648,6.038484,0.20407934,0.1870661,687265.0,9869178.0,123.23932,591.0175
55,0,56,0,Pore,1.0,0.0,0.39605513,14.705857,269.4646,334.3014,1.0,9.743267,0.0,14238.0,0.0,0.0,12.0,270.0,337.0,23575.0,7.873835,270.81644,341.11514,9337.0,25.0,282.0,358.0,0.0,259.0,317.0,9337.0,7.873835,270.81644,341.11514,0.0,13.0,52.0,270.0,792.0,1537.0,1898.0,1795.0,1330.0,838.0,455.0,209.0,97.0,36.0,7.0,6.0,1.0,1.0,0.0,0.0,0.0,0.0,0.0,0.0,0.0,0.0,0.0,0.0,0.0,0.0,0.0,0.0,0.0,0.0,0.0,0.0,0.0,0.0,0.0,0.0,0.0,0.0,0.0,0.0,0.0,0.0,0.0,0.0,0.0,0.0,0.0,0.0,0.0,0.0,0.0,0.0,0.0,0.0,0.0,0.0,0.0,0.0,0.0,0.0,900.0,254.0,741.0,1924.0,3700.0,5748.0,7072.0,7613.0,8031.0,8025.0,7528.0,6955.0,6281.0,5524.0,4675.0,4154.0,3444.0,3002.0,2639.0,2336.0,2009.0,1815.0,1587.0,1328.0,1239.0,1080.0,895.0,760.0,681.0,582.0,453.0,419.0,290.0,280.0,233.0,225.0,185.0,183.0,127.0,116.0,100.0,86.0,81.0,78.0,56.0,59.0,48.0,47.0,43.0,44.0,26.0,25.0,30.0,28.0,24.0,20.0,24.0,15.0,15.0,15.0,20.0,10.0,10.0,78.0,0.3591806,5.3469033,68.0,255.0,28.32034,51.26932,4.0,0.0,4.0,18.949427,23.051437,28.127024,33.80952,39.265114,68.0,0.28429556,-0.932365,-0.22331941,0.13870282,-0.19048198,0.97184265,0.94865036,0.3072656,-0.075168476,9.910768,5.3155417,4.5931168,0.43508756,1.7600032,264427.0,5435317.0,62.310257,923.1857
56,0,57,0,Pore,1.0,0.0,0.39305556,139.17621,299.3936,328.65674,1.0,0.65824795,0.0,437.0,0.0,0.0,139.0,299.5,328.5,720.0,138.72792,299.6643,328.25797,283.0,144.0,304.0,334.0,135.0,296.0,324.0,283.0,138.72792,299.6643,328.25797,0.0,0.0,0.0,0.0,3.0,4.0,12.0,20.0,29.0,40.0,40.0,29.0,24.0,17.0,13.0,14.0,10.0,8.0,4.0,7.0,7.0,0.0,0.0,1.0,0.0,1.0,0.0,0.0,0.0,0.0,0.0,0.0,0.0,0.0,0.0,0.0,0.0,0.0,0.0,0.0,0.0,0.0,0.0,0.0,0.0,0.0,0.0,0.0,0.0,0.0,0.0,0.0,0.0,0.0,0.0,0.0,0.0,0.0,0.0,0.0,0.0,0.0,0.0,0.0,735.0,36.0,34.0,47.0,99.0,147.0,275.0,480.0,662.0,888.0,1092.0,1249.0,1359.0,1478.0,1554.0,1588.0,1650.0,1544.0,1600.0,1412.0,1391.0,1264.0,1102.0,1095.0,987.0,911.0,805.0,785.0,675.0,646.0,609.0,538.0,419.0,401.0,389.0,333.0,257.0,272.0,242.0,204.0,195.0,183.0,143.0,131.0,118.0,103.0,84.0,88.0,71.0,72.0,49.0,45.0,36.0,29.0,38.0,36.0,32.0,23.0,22.0,23.0,16.0,11.0,14.0,114.0,0.4932875,1.6749853,102.0,255.0,45.98233,82.36845,16.0,0.0,16.0,29.743359,36.1333,43.180664,54.433594,67.614845,102.0,0.54302233,0.66729873,-0.5097442,-0.53105354,-0.19732744,-0.82404125,0.6504682,-0.7181743,-0.24721816,2.7088232,1.7081915,1.3090901,0.8158795,0.9723079,13013.0,2712393.0,221.93962,1700.8068
57,0,58,0,Pore,1.0,0.0,0.49511278,178.1735,305.7632,334.27402,1.0,1.5618209,0.0,1343.0,0.0,0.0,177.5,305.5,334.0,2660.0,176.81322,305.2316,333.72058,1317.0,185.0,311.0,344.0,171.0,301.0,325.0,1317.0,176.81322,305.2316,333.72058,0.0,3.0,36.0,69.0,93.0,187.0,233.0,211.0,169.0,138.0,89.0,46.0,29.0,11.0,2.0,1.0,0.0,0.0,0.0,0.0,0.0,0.0,0.0,0.0,0.0,0.0,0.0,0.0,0.0,0.0,0.0,0.0,0.0,0.0,0.0,0.0,0.0,0.0,0.0,0.0,0.0,0.0,0.0,0.0,0.0,0.0,0.0,0.0,0.0,0.0,0.0,0.0,0.0,0.0,0.0,0.0,0.0,0.0,0.0,0.0,0.0,0.0,0.0,0.0,7095.0,597.0,816.0,1164.0,1582.0,2029.0,2682.0,3234.0,3728.0,3954.0,4059.0,3812.0,3526.0,3450.0,3144.0,3026.0,2753.0,2422.0,2304.0,1909.0,1728.0,1513.0,1310.0,1139.0,874.0,764.0,641.0,527.0,401.0,338.0,261.0,197.0,185.0,163.0,129.0,92.0,91.0,92.0,79.0,52.0,57.0,41.0,36.0,23.0,32.0,21.0,14.0,16.0,13.0,5.0,17.0,7.0,7.0,8.0,6.0,5.0,4.0,8.0,4.0,4.0,1.0,7.0,3.0,29.0,-0.15520506,1.971304,60.0,255.0,28.757023,49.640907,5.0,0.0,5.0,16.952873,22.654474,28.59875,35.54699,41.91652,60.0,-0.42192867,-0.897779,-0.12636864,-0.011696643,-0.1339811,0.9909149,0.90655357,-0.4195735,-0.046029467,4.540993,2.6337862,2.3873923,0.21960066,0.81103116,37873.0,3386999.0,88.756454,1039.3579
58,0,59,0,Pore,1.0,0.0,0.38588646,148.32173,204.17401,350.24463,1.0,3.8984532,0.0,13045.0,0.0,0.0,148.5,205.0,349.0,21242.0,148.7837,206.3145,347.0193,8197.0,162.0,215.0,371.0,136.0,196.0,328.0,8197.0,148.7837,206.3145,347.0193,58.0,61.0,162.0,312.0,689.0,1118.0,1560.0,1570.0,1167.0,719.0,344.0,188.0,100.0,59.0,35.0,21.0,12.0,11.0,7.0,1.0,1.0,1.0,1.0,0.0,0.0,0.0,0.0,0.0,0.0,0.0,0.0,0.0,0.0,0.0,0.0,0.0,0.0,0.0,0.0,0.0,0.0,0.0,0.0,0.0,0.0,0.0,0.0,0.0,0.0,0.0,0.0,0.0,0.0,0.0,0.0,0.0,0.0,0.0,0.0,0.0,0.0,0.0,0.0,0.0,51011.0,301.0,400.0,660.0,1011.0,1738.0,2902.0,4314.0,5657.0,6887.0,7928.0,8338.0,8586.0,8593.0,8478.0,7960.0,7341.0,6764.0,6018.0,5186.0,4561.0,4108.0,3462.0,2745.0,2361.0,1971.0,1620.0,1348.0,1077.0,947.0,727.0,607.0,493.0,424.0,345.0,284.0,230.0,197.0,158.0,139.0,112.0,102.0,70.0,54.0,39.0,34.0,35.0,30.0,12.0,11.0,15.0,14.0,9.0,10.0,2.0,6.0,1.0,4.0,2.0,4.0,4.0,3.0,3.0,15.0,2.08819,-0.041407384,88.0,255.0,28.177992,44.509964,0.0,0.0,0.0,17.248468,22.656233,28.242113,33.984123,39.62929,88.0,0.18949729,0.9689771,-0.15866351,-0.054390788,-0.15098408,-0.98703873,0.9803736,-0.195671,-0.024092356,8.836108,5.3624344,3.9900692,0.5236555,0.42040974,230975.0,7943604.0,90.703835,1299.1481
59,0,60,Pore,Pore,1.0,0.0,0.41845238,194.7453,167.16881,346.95212,1.0,2.0163276,0.0,12701.0,0.0,0.0,194.5,166.5,346.5,21840.0,194.1591,165.57053,345.87164,9139.0,209.0,180.0,362.0,181.0,154.0,332.0,9139.0,194.1591,165.57053,345.87164,0.0,3.0,31.0,140.0,405.0,901.0,1433.0,1762.0,1715.0,1232.0,675.0,450.0,216.0,91.0,47.0,13.0,14.0,9.0,2.0,0.0,0.0,0.0,0.0,0.0,0.0,0.0,0.0,0.0,0.0,0.0,0.0,0.0,0.0,0.0,0.0,0.0,0.0,0.0,0.0,0.0,0.0,0.0,0.0,0.0,0.0,0.0,0.0,0.0,0.0,0.0,0.0,0.0,0.0,0.0,0.0,0.0,0.0,0.0,0.0,0.0,0.0,0.0,0.0,0.0,16.0,37.0,121.0,398.0,1020.0,2236.0,2954.0,6176.0,8768.0,11334.0,12620.0,12926.0,9357.0,11535.0,10233.0,8660.0,6787.0,5761.0,4697.0,2919.0,3220.0,2751.0,2189.0,1816.0,1393.0,906.0,1008.0,806.0,656.0,519.0,462.0,272.0,305.0,260.0,203.0,142.0,116.0,122.0,69.0,97.0,70.0,68.0,52.0,34.0,30.0,33.0,32.0,24.0,22.0,19.0,12.0,10.0,20.0,21.0,8.0,9.0,5.0,4.0,3.0,4.0,4.0,4.0,4.0,1.0,0.7599095,4.874556,74.0,246.0,31.729292,53.76639,6.0,0.0,6.0,21.402859,26.143812,31.636435,37.360794,43.403717,74.0,0.52606803,-0.8477541,0.06756746,-0.4997262,-0.37243074,-0.7820288,0.68813235,0.37763515,-0.6195689,8.282168,5.3118677,4.5232196,0.48496085,1.5797102,289974.0,7331585.0,73.70262,496.88452
60,0,61,0,Pore,1.0,0.0,0.4226423,158.78896,299.30878,361.68323,1.0,2.7844207,0.0,28406.0,0.0,0.0,158.0,299.0,362.5,49200.0,156.92224,298.5782,363.61575,20794.0,179.0,312.0,387.0,138.0,287.0,339.0,20794.0,156.92224,298.5782,363.61575,64.0,148.0,482.0,1098.0,2057.0,2893.0,3404.0,3276.0,2638.0,1832.0,1278.0,693.0,391.0,218.0,129.0,79.0,47.0,25.0,19.0,7.0,8.0,5.0,0.0,1.0,1.0,1.0,0.0,0.0,0.0,0.0,0.0,0.0,0.0,0.0,0.0,0.0,0.0,0.0,0.0,0.0,0.0,0.0,0.0,0.0,0.0,0.0,0.0,0.0,0.0,0.0,0.0,0.0,0.0,0.0,0.0,0.0,0.0,0.0,0.0,0.0,0.0,0.0,0.0,0.0,17001.0,1317.0,2087.0,3416.0,5209.0,7527.0,9944.0,11855.0,13515.0,14116.0,14479.0,14096.0,13101.0,12171.0,10931.0,10078.0,9055.0,8223.0,7430.0,6471.0,5812.0,5193.0,4689.0,4104.0,3555.0,3011.0,2684.0,2367.0,1957.0,1627.0,1453.0,1253.0,1073.0,954.0,837.0,693.0,643.0,536.0,448.0,390.0,295.0,275.0,247.0,184.0,199.0,156.0,119.0,114.0,102.0,92.0,86.0,62.0,47.0,51.0,39.0,40.0,41.0,37.0,35.0,20.0,15.0,23.0,15.0,136.0,1.4632046,2.363139,103.0,255.0,28.612581,53.925785,0.0,0.0,0.0,16.494188,21.78047,28.1959,35.157806,42.40834,103.0,0.53926325,0.82759845,-0.15580733,-0.0390028,-0.16027135,-0.98630214,0.84123355,-0.53795344,0.054149795,11.976389,7.3126965,5.322674,0.664409,1.0585686,594970.0,12819831.0,110.376305,1176.7712
61,0,62,0,Pore,1.0,0.0,0.42916667,196.16058,261.2859,353.2263,1.0,3.1638184,0.0,822.0,0.0,0.0,196.5,260.0,353.5,1440.0,196.95146,258.28964,353.86407,618.0,203.0,268.0,358.0,191.0,253.0,350.0,618.0,196.95146,258.28964,353.86407,5.0,26.0,50.0,84.0,146.0,124.0,114.0,46.0,16.0,6.0,1.0,0.0,0.0,0.0,0.0,0.0,0.0,0.0,0.0,0.0,0.0,0.0,0.0,0.0,0.0,0.0,0.0,0.0,0.0,0.0,0.0,0.0,0.0,0.0,0.0,0.0,0.0,0.0,0.0,0.0,0.0,0.0,0.0,0.0,0.0,0.0,0.0,0.0,0.0,0.0,0.0,0.0,0.0,0.0,0.0,0.0,0.0,0.0,0.0,0.0,0.0,0.0,0.0,0.0,3218.0,635.0,1067.0,1747.0,2395.0,2791.0,2787.0,2401.0,1962.0,1527.0,1259.0,1005.0,847.0,729.0,646.0,532.0,487.0,435.0,409.0,375.0,300.0,258.0,230.0,209.0,183.0,143.0,144.0,118.0,101.0,80.0,68.0,63.0,47.0,52.0,50.0,32.0,28.0,22.0,24.0,19.0,17.0,12.0,9.0,8.0,5.0,8.0,9.0,5.0,6.0,5.0,2.0,2.0,2.0,1.0,2.0,2.0,1.0,1.0,0.0,1.0,0.0,0.0,1.0,2.0,-0.08574715,4.174189,41.0,255.0,19.532362,34.41208,0.0,0.0,0.0,10.423125,15.439453,19.867294,24.902344,28.514267,41.0,-0.6078259,0.7223952,0.32968608,-0.79386866,-0.5434643,-0.27279866,-0.017895816,-0.42754152,0.90381855,3.4015763,2.4675455,1.6234065,-0.06092699,1.6590159,12071.0,1016051.0,47.9318,813.1178
62,0,63,0,Pore,1.0,0.0,0.5272436,170.8373,141.62712,354.68137,1.0,0.5212331,0.0,295.0,0.0,0.0,171.0,141.5,354.5,624.0,171.14589,141.38602,354.33737,329.0,178.0,146.0,358.0,165.0,138.0,352.0,329.0,171.14589,141.38602,354.33737,0.0,0.0,5.0,10.0,9.0,44.0,57.0,68.0,65.0,46.0,17.0,5.0,1.0,1.0,1.0,0.0,0.0,0.0,0.0,0.0,0.0,0.0,0.0,0.0,0.0,0.0,0.0,0.0,0.0,0.0,0.0,0.0,0.0,0.0,0.0,0.0,0.0,0.0,0.0,0.0,0.0,0.0,0.0,0.0,0.0,0.0,0.0,0.0,0.0,0.0,0.0,0.0,0.0,0.0,0.0,0.0,0.0,0.0,0.0,0.0,0.0,0.0,0.0,0.0,3.0,13.0,66.0,211.0,320.0,831.0,1255.0,1666.0,2076.0,1640.0,2094.0,1951.0,1599.0,1113.0,1229.0,938.0,771.0,636.0,354.0,415.0,321.0,261.0,160.0,153.0,141.0,113.0,105.0,62.0,69.0,63.0,57.0,43.0,62.0,74.0,55.0,49.0,27.0,40.0,36.0,32.0,20.0,23.0,12.0,20.0,14.0,10.0,11.0,12.0,9.0,8.0,3.0,5.0,5.0,13.0,5.0,4.0,4.0,3.0,3.0,1.0,2.0,1.0,3.0,3.0,0.33694372,8.235221,56.0,242.0,29.662615,48.094563,9.0,0.0,9.0,20.727806,24.902344,30.205078,35.169773,39.159477,56.0,-0.96350104,-0.21093003,-0.16484636,0.2616518,-0.8722009,-0.41328433,-0.05660506,-0.44133222,0.8955567,2.9450216,1.8128928,1.3343382,-0.08212334,2.2991714,9759.0,1024318.0,59.317783,647.3859
63,0,64,0,Pore,1.0,0.0,0.46666667,199.98958,273.52084,353.10416,1.0,1.3320115,0.0,96.0,0.0,0.0,200.0,274.0,353.5,180.0,200.0119,274.5476,353.9524,84.0,203.0,279.0,356.0,198.0,270.0,352.0,84.0,200.0119,274.5476,353.9524,0.0,0.0,4.0,6.0,14.0,23.0,19.0,9.0,4.0,5.0,0.0,0.0,0.0,0.0,0.0,0.0,0.0,0.0,0.0,0.0,0.0,0.0,0.0,0.0,0.0,0.0,0.0,0.0,0.0,0.0,0.0,0.0,0.0,0.0,0.0,0.0,0.0,0.0,0.0,0.0,0.0,0.0,0.0,0.0,0.0,0.0,0.0,0.0,0.0,0.0,0.0,0.0,0.0,0.0,0.0,0.0,0.0,0.0,0.0,0.0,0.0,0.0,0.0,0.0,257.0,217.0,485.0,550.0,1095.0,1004.0,1385.0,1146.0,1300.0,784.0,728.0,806.0,483.0,498.0,312.0,306.0,199.0,205.0,114.0,146.0,88.0,92.0,95.0,66.0,93.0,59.0,76.0,39.0,49.0,29.0,34.0,30.0,19.0,18.0,4.0,13.0,9.0,8.0,4.0,3.0,5.0,2.0,1.0,1.0,5.0,0.0,2.0,2.0,1.0,0.0,2.0,1.0,1.0,4.0,1.0,1.0,0.0,1.0,0.0,0.0,0.0,0.0,0.0,2.0,-0.048161883,6.0459285,39.0,221.0,22.928572,33.148834,9.0,0.0,9.0,14.875,19.06808,23.040081,27.261513,32.472656,39.0,0.069107674,0.97854334,0.19410583,-0.99007225,0.043402746,0.13369058,0.1223973,-0.20141785,0.97182804,2.1756387,1.1109264,0.75853896,0.28445652,1.8677528,1926.0,426957.0,45.613945,466.37622
