1.510000000000000000e+02,3.000000000000000000e+00,-1.000000000000000000e+00,inf
1.520000000000000000e+02,3.000000000000000000e+00,-1.000000000000000000e+00,inf
1.530000000000000000e+02,3.000000000000000000e+00,-1.000000000000000000e+00,inf
1.540000000000000000e+02,3.000000000000000000e+00,-1.000000000000000000e+00,inf
1.550000000000000000e+02,3.000000000000000000e+00,-1.000000000000000000e+00,inf
1.560000000000000000e+02,3.000000000000000000e+00,-1.000000000000000000e+00,inf
1.570000000000000000e+02,3.000000000000000000e+00,-1.000000000000000000e+00,inf
1.580000000000000000e+02,3.000000000000000000e+00,-1.000000000000000000e+00,inf
1.590000000000000000e+02,3.000000000000000000e+00,-1.000000000000000000e+00,inf
1.600000000000000000e+02,3.000000000000000000e+00,-1.000000000000000000e+00,inf
1.610000000000000000e+02,2.000000000000000000e+00,3.000000000000000000e+00,1.216393381166106167e+02
1.610000000000000000e+02,3.000000000000000000e+00,2.000000000000000000e+00,1.216393381166106167e+02
1.620000000000000000e+02,2.000000000000000000e+00,3.000000000000000000e+00,1.223340560821249596e+02
1.620000000000000000e+02,3.000000000000000000e+00,2.000000000000000000e+00,1.223340560821249596e+02
1.630000000000000000e+02,2.000000000000000000e+00,3.000000000000000000e+00,1.222983321885205186e+02
1.630000000000000000e+02,3.000000000000000000e+00,2.000000000000000000e+00,1.222983321885205186e+02
1.640000000000000000e+02,2.000000000000000000e+00,3.000000000000000000e+00,1.215720468212441858e+02
1.640000000000000000e+02,3.000000000000000000e+00,2.000000000000000000e+00,1.215720468212441858e+02
1.650000000000000000e+02,2.000000000000000000e+00,3.000000000000000000e+00,1.124472599515482756e+02
1.650000000000000000e+02,3.000000000000000000e+00,2.000000000000000000e+00,1.124472599515482756e+02
1.660000000000000000e+02,2.000000000000000000e+00,3.000000000000000000e+00,1.084807333801238656e+02
1.660000000000000000e+02,3.000000000000000000e+00,2.000000000000000000e+00,1.084807333801238656e+02
1.670000000000000000e+02,2.000000000000000000e+00,3.000000000000000000e+00,1.071499214605375983e+02
1.670000000000000000e+02,3.000000000000000000e+00,2.000000000000000000e+00,1.071499214605375983e+02
1.680000000000000000e+02,2.000000000000000000e+00,3.000000000000000000e+00,1.078959256684694168e+02
1.680000000000000000e+02,3.000000000000000000e+00,2.000000000000000000e+00,1.078959256684694168e+02
1.690000000000000000e+02,2.000000000000000000e+00,3.000000000000000000e+00,1.078827126418466094e+02
1.690000000000000000e+02,3.000000000000000000e+00,2.000000000000000000e+00,1.078827126418466094e+02
1.700000000000000000e+02,2.000000000000000000e+00,3.000000000000000000e+00,1.087426551590226467e+02
1.700000000000000000e+02,3.000000000000000000e+00,2.000000000000000000e+00,1.087426551590226467e+02
1.710000000000000000e+02,2.000000000000000000e+00,3.000000000000000000e+00,1.180041101032217483e+02
1.710000000000000000e+02,3.000000000000000000e+00,2.000000000000000000e+00,1.180041101032217483e+02
1.720000000000000000e+02,2.000000000000000000e+00,3.000000000000000000e+00,1.207204007285974399e+02
1.720000000000000000e+02,3.000000000000000000e+00,2.000000000000000000e+00,1.207204007285974399e+02
1.730000000000000000e+02,2.000000000000000000e+00,3.000000000000000000e+00,1.184428092957114131e+02
1.730000000000000000e+02,3.000000000000000000e+00,2.000000000000000000e+00,1.184428092957114131e+02
1.740000000000000000e+02,2.000000000000000000e+00,3.000000000000000000e+00,1.198352962475377410e+02
1.740000000000000000e+02,3.000000000000000000e+00,2.000000000000000000e+00,1.198352962475377410e+02
1.750000000000000000e+02,2.000000000000000000e+00,3.000000000000000000e+00,1.238031866243512695e+02
1.750000000000000000e+02,3.000000000000000000e+00,2.000000000000000000e+00,1.238031866243512695e+02
1.760000000000000000e+02,2.000000000000000000e+00,3.000000000000000000e+00,1.280380250586866850e+02
1.760000000000000000e+02,3.000000000000000000e+00,2.000000000000000000e+00,1.280380250586866850e+02
1.760000000000000000e+02,6.000000000000000000e+00,3.000000000000000000e+00,1.535659804857849053e+02
1.770000000000000000e+02,2.000000000000000000e+00,3.000000000000000000e+00,1.296866094343848772e+02
1.770000000000000000e+02,3.000000000000000000e+00,2.000000000000000000e+00,1.296866094343848772e+02
1.770000000000000000e+02,6.000000000000000000e+00,3.000000000000000000e+00,1.534977047489394977e+02
1.780000000000000000e+02,2.000000000000000000e+00,3.000000000000000000e+00,1.322346337789151676e+02
1.780000000000000000e+02,3.000000000000000000e+00,2.000000000000000000e+00,1.322346337789151676e+02
1.780000000000000000e+02,6.000000000000000000e+00,3.000000000000000000e+00,1.552740774826868346e+02
1.790000000000000000e+02,2.000000000000000000e+00,3.000000000000000000e+00,1.343179118983092621e+02
1.790000000000000000e+02,3.000000000000000000e+00,2.000000000000000000e+00,1.343179118983092621e+02
1.790000000000000000e+02,6.000000000000000000e+00,9.000000000000000000e+00,1.234080481036077686e+02
1.790000000000000000e+02,9.000000000000000000e+00,6.000000000000000000e+00,1.234080481036077686e+02
1.800000000000000000e+02,2.000000000000000000e+00,3.000000000000000000e+00,1.441599806753720543e+02
1.800000000000000000e+02,3.000000000000000000e+00,2.000000000000000000e+00,1.441599806753720543e+02
1.800000000000000000e+02,6.000000000000000000e+00,9.000000000000000000e+00,1.190388654351415596e+02
1.800000000000000000e+02,9.000000000000000000e+00,6.000000000000000000e+00,1.190388654351415596e+02
1.810000000000000000e+02,2.000000000000000000e+00,3.000000000000000000e+00,1.553547276792036769e+02
1.810000000000000000e+02,3.000000000000000000e+00,2.000000000000000000e+00,1.553547276792036769e+02
1.810000000000000000e+02,6.000000000000000000e+00,9.000000000000000000e+00,1.153694627709707845e+02
1.810000000000000000e+02,9.000000000000000000e+00,6.000000000000000000e+00,1.153694627709707845e+02
1.820000000000000000e+02,2.000000000000000000e+00,3.000000000000000000e+00,1.616006501222067300e+02
1.820000000000000000e+02,3.000000000000000000e+00,2.000000000000000000e+00,1.616006501222067300e+02
1.820000000000000000e+02,6.000000000000000000e+00,9.000000000000000000e+00,1.084538856732624481e+02
1.820000000000000000e+02,9.000000000000000000e+00,6.000000000000000000e+00,1.084538856732624481e+02
1.830000000000000000e+02,2.000000000000000000e+00,3.000000000000000000e+00,1.656266998502380545e+02
1.830000000000000000e+02,3.000000000000000000e+00,2.000000000000000000e+00,1.656266998502380545e+02
1.830000000000000000e+02,6.000000000000000000e+00,9.000000000000000000e+00,9.910663052199799949e+01
1.830000000000000000e+02,9.000000000000000000e+00,6.000000000000000000e+00,9.910663052199799949e+01
1.840000000000000000e+02,2.000000000000000000e+00,3.000000000000000000e+00,1.685985281701280769e+02
1.840000000000000000e+02,3.000000000000000000e+00,2.000000000000000000e+00,1.685985281701280769e+02
1.840000000000000000e+02,6.000000000000000000e+00,8.000000000000000000e+00,9.444331101576804599e+01
1.840000000000000000e+02,8.000000000000000000e+00,9.000000000000000000e+00,8.526686288446845197e+01
1.840000000000000000e+02,9.000000000000000000e+00,8.000000000000000000e+00,8.526686288446845197e+01
1.850000000000000000e+02,2.000000000000000000e+00,1.100000000000000000e+01,1.181321577104725122e+02
1.850000000000000000e+02,3.000000000000000000e+00,1.100000000000000000e+01,6.947334256534533381e+01
1.850000000000000000e+02,6.000000000000000000e+00,8.000000000000000000e+00,8.764311721996796223e+01
1.850000000000000000e+02,8.000000000000000000e+00,6.000000000000000000e+00,8.764311721996796223e+01
1.850000000000000000e+02,9.000000000000000000e+00,8.000000000000000000e+00,8.900145679560465339e+01
1.850000000000000000e+02,1.100000000000000000e+01,3.000000000000000000e+00,6.947334256534533381e+01
1.860000000000000000e+02,2.000000000000000000e+00,1.100000000000000000e+01,1.189745021012978725e+02
1.860000000000000000e+02,3.000000000000000000e+00,1.100000000000000000e+01,6.841982048108698677e+01
1.860000000000000000e+02,6.000000000000000000e+00,9.000000000000000000e+00,8.120118354478654510e+01
1.860000000000000000e+02,8.000000000000000000e+00,6.000000000000000000e+00,8.245398514289422565e+01
1.860000000000000000e+02,9.000000000000000000e+00,6.000000000000000000e+00,8.120118354478654510e+01
1.860000000000000000e+02,1.100000000000000000e+01,3.000000000000000000e+00,6.841982048108698677e+01
1.870000000000000000e+02,2.000000000000000000e+00,1.100000000000000000e+01,1.181852318040842391e+02
1.870000000000000000e+02,3.000000000000000000e+00,1.100000000000000000e+01,6.748875289603978445e+01
1.870000000000000000e+02,6.000000000000000000e+00,9.000000000000000000e+00,7.360342629414793691e+01
1.870000000000000000e+02,8.000000000000000000e+00,6.000000000000000000e+00,7.674534099729922332e+01
1.870000000000000000e+02,9.000000000000000000e+00,6.000000000000000000e+00,7.360342629414793691e+01
1.870000000000000000e+02,1.100000000000000000e+01,3.000000000000000000e+00,6.748875289603978445e+01
1.880000000000000000e+02,2.000000000000000000e+00,1.100000000000000000e+01,1.167122174969623245e+02
1.880000000000000000e+02,3.000000000000000000e+00,1.000000000000000000e+01,5.147639624024374427e+01
1.880000000000000000e+02,6.000000000000000000e+00,9.000000000000000000e+00,7.340534435111449341e+01
1.880000000000000000e+02,8.000000000000000000e+00,6.000000000000000000e+00,7.635944157295524803e+01
1.880000000000000000e+02,9.000000000000000000e+00,6.000000000000000000e+00,7.340534435111449341e+01
1.880000000000000000e+02,1.000000000000000000e+01,3.000000000000000000e+00,5.147639624024374427e+01
1.880000000000000000e+02,1.100000000000000000e+01,3.000000000000000000e+00,7.740018970189700553e+01
1.890000000000000000e+02,2.000000000000000000e+00,1.100000000000000000e+01,1.190954545454545297e+02
1.890000000000000000e+02,3.000000000000000000e+00,1.000000000000000000e+01,5.407406731688660528e+01
1.890000000000000000e+02,6.000000000000000000e+00,9.000000000000000000e+00,7.092855993944556303e+01
1.890000000000000000e+02,8.000000000000000000e+00,6.000000000000000000e+00,7.643215889011680986e+01
1.890000000000000000e+02,9.000000000000000000e+00,6.000000000000000000e+00,7.092855993944556303e+01
1.890000000000000000e+02,1.000000000000000000e+01,3.000000000000000000e+00,5.407406731688660528e+01
1.890000000000000000e+02,1.100000000000000000e+01,3.000000000000000000e+00,7.410623301285951925e+01
1.900000000000000000e+02,2.000000000000000000e+00,1.100000000000000000e+01,1.205690235690235852e+02
1.900000000000000000e+02,3.000000000000000000e+00,1.000000000000000000e+01,5.716765947988444196e+01
1.900000000000000000e+02,6.000000000000000000e+00,9.000000000000000000e+00,6.479172237654238131e+01
1.900000000000000000e+02,8.000000000000000000e+00,6.000000000000000000e+00,7.462450542188662439e+01
1.900000000000000000e+02,9.000000000000000000e+00,6.000000000000000000e+00,6.479172237654238131e+01
1.900000000000000000e+02,1.000000000000000000e+01,3.000000000000000000e+00,5.716765947988444196e+01
1.900000000000000000e+02,1.100000000000000000e+01,3.000000000000000000e+00,7.367507568684038688e+01
1.910000000000000000e+02,2.000000000000000000e+00,1.100000000000000000e+01,1.200043950078255648e+02
1.910000000000000000e+02,3.000000000000000000e+00,1.000000000000000000e+01,5.905107256858411802e+01
1.910000000000000000e+02,6.000000000000000000e+00,9.000000000000000000e+00,6.452146978654113241e+01
1.910000000000000000e+02,8.000000000000000000e+00,6.000000000000000000e+00,7.574776497190929092e+01
1.910000000000000000e+02,9.000000000000000000e+00,6.000000000000000000e+00,6.452146978654113241e+01
1.910000000000000000e+02,1.000000000000000000e+01,3.000000000000000000e+00,5.905107256858411802e+01
1.910000000000000000e+02,1.100000000000000000e+01,3.000000000000000000e+00,7.486555956761662856e+01
1.920000000000000000e+02,2.000000000000000000e+00,1.100000000000000000e+01,1.159353615343491413e+02
1.920000000000000000e+02,3.000000000000000000e+00,1.000000000000000000e+01,6.139171332448279372e+01
1.920000000000000000e+02,6.000000000000000000e+00,9.000000000000000000e+00,6.053176942579334252e+01
1.920000000000000000e+02,8.000000000000000000e+00,6.000000000000000000e+00,8.160776941689486819e+01
1.920000000000000000e+02,9.000000000000000000e+00,6.000000000000000000e+00,6.053176942579334252e+01
1.920000000000000000e+02,1.000000000000000000e+01,3.000000000000000000e+00,6.139171332448279372e+01
1.920000000000000000e+02,1.100000000000000000e+01,3.000000000000000000e+00,7.868949119505309397e+01
1.930000000000000000e+02,2.000000000000000000e+00,1.100000000000000000e+01,1.147549603174602879e+02
1.930000000000000000e+02,3.000000000000000000e+00,1.000000000000000000e+01,6.184659503646845735e+01
1.930000000000000000e+02,6.000000000000000000e+00,9.000000000000000000e+00,5.819765986394558865e+01
1.930000000000000000e+02,8.000000000000000000e+00,6.000000000000000000e+00,8.425687403993853763e+01
1.930000000000000000e+02,9.000000000000000000e+00,6.000000000000000000e+00,5.819765986394558865e+01
1.930000000000000000e+02,1.000000000000000000e+01,3.000000000000000000e+00,6.184659503646845735e+01
1.930000000000000000e+02,1.100000000000000000e+01,3.000000000000000000e+00,8.172971472971474327e+01
1.940000000000000000e+02,2.000000000000000000e+00,1.100000000000000000e+01,1.112197715686087633e+02
1.940000000000000000e+02,3.000000000000000000e+00,1.000000000000000000e+01,6.183256424390371109e+01
1.940000000000000000e+02,6.000000000000000000e+00,9.000000000000000000e+00,5.558638421147927033e+01
1.940000000000000000e+02,8.000000000000000000e+00,6.000000000000000000e+00,8.834666174161972663e+01
1.940000000000000000e+02,9.000000000000000000e+00,6.000000000000000000e+00,5.558638421147927033e+01
1.940000000000000000e+02,1.000000000000000000e+01,3.000000000000000000e+00,6.183256424390371109e+01
1.940000000000000000e+02,1.100000000000000000e+01,1.000000000000000000e+01,7.764621532814302896e+01
1.950000000000000000e+02,2.000000000000000000e+00,1.100000000000000000e+01,1.074532886634797535e+02
1.950000000000000000e+02,3.000000000000000000e+00,1.000000000000000000e+01,5.543543748975912422e+01
1.950000000000000000e+02,6.000000000000000000e+00,9.000000000000000000e+00,5.376037483266399875e+01
1.950000000000000000e+02,8.000000000000000000e+00,6.000000000000000000e+00,8.984637823491929964e+01
1.950000000000000000e+02,9.000000000000000000e+00,6.000000000000000000e+00,5.376037483266399875e+01
1.950000000000000000e+02,1.000000000000000000e+01,3.000000000000000000e+00,5.543543748975912422e+01
1.950000000000000000e+02,1.100000000000000000e+01,1.000000000000000000e+01,6.623701202809837696e+01
1.960000000000000000e+02,2.000000000000000000e+00,1.100000000000000000e+01,1.056599385399216544e+02
1.960000000000000000e+02,3.000000000000000000e+00,1.000000000000000000e+01,5.709303492207620678e+01
1.960000000000000000e+02,6.000000000000000000e+00,9.000000000000000000e+00,5.256745742325949777e+01
1.960000000000000000e+02,8.000000000000000000e+00,6.000000000000000000e+00,9.045043003254301084e+01
1.960000000000000000e+02,9.000000000000000000e+00,6.000000000000000000e+00,5.256745742325949777e+01
1.960000000000000000e+02,1.000000000000000000e+01,3.000000000000000000e+00,5.709303492207620678e+01
1.960000000000000000e+02,1.100000000000000000e+01,1.000000000000000000e+01,6.535567231166382385e+01
1.970000000000000000e+02,2.000000000000000000e+00,1.100000000000000000e+01,1.026246071428571298e+02
1.970000000000000000e+02,3.000000000000000000e+00,1.000000000000000000e+01,5.901043557168785014e+01
1.970000000000000000e+02,6.000000000000000000e+00,9.000000000000000000e+00,5.085627354390031485e+01
1.970000000000000000e+02,8.000000000000000000e+00,6.000000000000000000e+00,8.900411353352529886e+01
1.970000000000000000e+02,9.000000000000000000e+00,6.000000000000000000e+00,5.085627354390031485e+01
1.970000000000000000e+02,1.000000000000000000e+01,3.000000000000000000e+00,5.901043557168785014e+01
1.970000000000000000e+02,1.100000000000000000e+01,1.000000000000000000e+01,6.414326315789475075e+01
1.980000000000000000e+02,2.000000000000000000e+00,1.100000000000000000e+01,9.771082593655131632e+01
1.980000000000000000e+02,3.000000000000000000e+00,1.000000000000000000e+01,6.014614766666122847e+01
1.980000000000000000e+02,6.000000000000000000e+00,9.000000000000000000e+00,6.158076163474004971e+01
1.980000000000000000e+02,8.000000000000000000e+00,6.000000000000000000e+00,9.523680224879745992e+01
1.980000000000000000e+02,9.000000000000000000e+00,6.000000000000000000e+00,6.158076163474004971e+01
1.980000000000000000e+02,1.000000000000000000e+01,3.000000000000000000e+00,6.014614766666122847e+01
1.980000000000000000e+02,1.100000000000000000e+01,1.000000000000000000e+01,6.440075541985336827e+01
1.990000000000000000e+02,2.000000000000000000e+00,1.100000000000000000e+01,9.349484559822533924e+01
1.990000000000000000e+02,3.000000000000000000e+00,1.000000000000000000e+01,6.094381795875840169e+01
1.990000000000000000e+02,6.000000000000000000e+00,9.000000000000000000e+00,6.584045780474349385e+01
1.990000000000000000e+02,8.000000000000000000e+00,6.000000000000000000e+00,9.359776492034558260e+01
1.990000000000000000e+02,9.000000000000000000e+00,6.000000000000000000e+00,6.584045780474349385e+01
1.990000000000000000e+02,1.000000000000000000e+01,3.000000000000000000e+00,6.094381795875840169e+01
1.990000000000000000e+02,1.100000000000000000e+01,1.000000000000000000e+01,6.432930123743031459e+01
2.000000000000000000e+02,2.000000000000000000e+00,1.100000000000000000e+01,8.505870434550787706e+01
2.000000000000000000e+02,3.000000000000000000e+00,1.000000000000000000e+01,6.433749290981282343e+01
2.000000000000000000e+02,4.000000000000000000e+00,8.000000000000000000e+00,7.811411041583455983e+01
2.000000000000000000e+02,5.000000000000000000e+00,6.000000000000000000e+00,9.306241395623261781e+01
2.000000000000000000e+02,6.000000000000000000e+00,9.000000000000000000e+00,5.641935621479264995e+01
2.000000000000000000e+02,8.000000000000000000e+00,4.000000000000000000e+00,7.811411041583455983e+01
2.000000000000000000e+02,9.000000000000000000e+00,6.000000000000000000e+00,5.641935621479264995e+01
2.000000000000000000e+02,1.000000000000000000e+01,1.100000000000000000e+01,6.041365341335335160e+01
2.000000000000000000e+02,1.100000000000000000e+01,1.000000000000000000e+01,6.041365341335335160e+01
2.010000000000000000e+02,2.000000000000000000e+00,1.100000000000000000e+01,8.085425346010990211e+01
2.010000000000000000e+02,3.000000000000000000e+00,1.000000000000000000e+01,6.353392690349211591e+01
2.010000000000000000e+02,4.000000000000000000e+00,8.000000000000000000e+00,8.123611818644930338e+01
2.010000000000000000e+02,5.000000000000000000e+00,6.000000000000000000e+00,9.146253198734609668e+01
2.010000000000000000e+02,6.000000000000000000e+00,9.000000000000000000e+00,6.089983078256241100e+01
2.010000000000000000e+02,8.000000000000000000e+00,9.000000000000000000e+00,7.453192811042443111e+01
2.010000000000000000e+02,9.000000000000000000e+00,6.000000000000000000e+00,6.089983078256241100e+01
2.010000000000000000e+02,1.000000000000000000e+01,1.100000000000000000e+01,6.004872450652501215e+01
2.010000000000000000e+02,1.100000000000000000e+01,1.000000000000000000e+01,6.004872450652501215e+01
2.020000000000000000e+02,2.000000000000000000e+00,1.100000000000000000e+01,7.657512888339671520e+01
2.020000000000000000e+02,3.000000000000000000e+00,1.000000000000000000e+01,6.445093795093795563e+01
2.020000000000000000e+02,4.000000000000000000e+00,8.000000000000000000e+00,8.086996175080287230e+01
2.020000000000000000e+02,5.000000000000000000e+00,6.000000000000000000e+00,8.608256285778278993e+01
2.020000000000000000e+02,6.000000000000000000e+00,9.000000000000000000e+00,5.978887038004259580e+01
2.020000000000000000e+02,8.000000000000000000e+00,9.000000000000000000e+00,7.471652390339370697e+01
2.020000000000000000e+02,9.000000000000000000e+00,6.000000000000000000e+00,5.978887038004259580e+01
2.020000000000000000e+02,1.000000000000000000e+01,1.100000000000000000e+01,5.867270788912580315e+01
2.020000000000000000e+02,1.100000000000000000e+01,1.000000000000000000e+01,5.867270788912580315e+01
2.030000000000000000e+02,2.000000000000000000e+00,1.100000000000000000e+01,7.299649623586439873e+01
2.030000000000000000e+02,3.000000000000000000e+00,1.000000000000000000e+01,6.377219479136412872e+01
2.030000000000000000e+02,4.000000000000000000e+00,7.000000000000000000e+00,4.082517570281124364e+01
2.030000000000000000e+02,5.000000000000000000e+00,6.000000000000000000e+00,7.629656408354964015e+01
2.030000000000000000e+02,6.000000000000000000e+00,9.000000000000000000e+00,5.832756358041451250e+01
2.030000000000000000e+02,7.000000000000000000e+00,4.000000000000000000e+00,4.082517570281124364e+01
2.030000000000000000e+02,8.000000000000000000e+00,9.000000000000000000e+00,7.331851583728355592e+01
2.030000000000000000e+02,9.000000000000000000e+00,6.000000000000000000e+00,5.832756358041451250e+01
2.030000000000000000e+02,1.000000000000000000e+01,1.100000000000000000e+01,5.746849446849446252e+01
2.030000000000000000e+02,1.100000000000000000e+01,1.000000000000000000e+01,5.746849446849446252e+01
2.040000000000000000e+02,2.000000000000000000e+00,1.100000000000000000e+01,7.063582184352689808e+01
2.040000000000000000e+02,3.000000000000000000e+00,7.000000000000000000e+00,8.985994286969896905e+01
2.040000000000000000e+02,4.000000000000000000e+00,7.000000000000000000e+00,4.210869614384258597e+01
2.040000000000000000e+02,5.000000000000000000e+00,6.000000000000000000e+00,7.051341016706869880e+01
2.040000000000000000e+02,6.000000000000000000e+00,9.000000000000000000e+00,5.250158730158729981e+01
2.040000000000000000e+02,7.000000000000000000e+00,4.000000000000000000e+00,4.210869614384258597e+01
2.040000000000000000e+02,8.000000000000000000e+00,9.000000000000000000e+00,7.472647619047620537e+01
2.040000000000000000e+02,9.000000000000000000e+00,6.000000000000000000e+00,5.250158730158729981e+01
2.040000000000000000e+02,1.100000000000000000e+01,2.000000000000000000e+00,7.063582184352689808e+01
2.050000000000000000e+02,2.000000000000000000e+00,1.100000000000000000e+01,6.894658724340175127e+01
2.050000000000000000e+02,3.000000000000000000e+00,1.100000000000000000e+01,9.067216793668404762e+01
2.050000000000000000e+02,4.000000000000000000e+00,7.000000000000000000e+00,4.523115469583490267e+01
2.050000000000000000e+02,5.000000000000000000e+00,6.000000000000000000e+00,6.834652655949780353e+01
2.050000000000000000e+02,6.000000000000000000e+00,9.000000000000000000e+00,5.073718153714955292e+01
2.050000000000000000e+02,7.000000000000000000e+00,4.000000000000000000e+00,4.523115469583490267e+01
2.050000000000000000e+02,8.000000000000000000e+00,9.000000000000000000e+00,7.337199760123725412e+01
2.050000000000000000e+02,9.000000000000000000e+00,6.000000000000000000e+00,5.073718153714955292e+01
2.050000000000000000e+02,1.100000000000000000e+01,2.000000000000000000e+00,6.894658724340175127e+01
2.060000000000000000e+02,2.000000000000000000e+00,1.100000000000000000e+01,7.098817116132168792e+01
2.060000000000000000e+02,3.000000000000000000e+00,7.000000000000000000e+00,8.998920863309353990e+01
2.060000000000000000e+02,4.000000000000000000e+00,7.000000000000000000e+00,4.791273804485823007e+01
2.060000000000000000e+02,5.000000000000000000e+00,6.000000000000000000e+00,6.925196251256699043e+01
2.060000000000000000e+02,6.000000000000000000e+00,9.000000000000000000e+00,4.948766581107825857e+01
2.060000000000000000e+02,7.000000000000000000e+00,4.000000000000000000e+00,4.791273804485823007e+01
2.060000000000000000e+02,8.000000000000000000e+00,9.000000000000000000e+00,7.263948105033990998e+01
2.060000000000000000e+02,9.000000000000000000e+00,6.000000000000000000e+00,4.948766581107825857e+01
2.060000000000000000e+02,1.100000000000000000e+01,2.000000000000000000e+00,7.098817116132168792e+01
2.070000000000000000e+02,2.000000000000000000e+00,1.100000000000000000e+01,7.119056318179445952e+01
2.070000000000000000e+02,3.000000000000000000e+00,7.000000000000000000e+00,8.592476864023555549e+01
2.070000000000000000e+02,4.000000000000000000e+00,7.000000000000000000e+00,4.809781273368229648e+01
2.070000000000000000e+02,5.000000000000000000e+00,6.000000000000000000e+00,7.076737223826843604e+01
2.070000000000000000e+02,6.000000000000000000e+00,9.000000000000000000e+00,4.699171863363013557e+01
2.070000000000000000e+02,7.000000000000000000e+00,4.000000000000000000e+00,4.809781273368229648e+01
2.070000000000000000e+02,8.000000000000000000e+00,9.000000000000000000e+00,7.062960479755653864e+01
2.070000000000000000e+02,9.000000000000000000e+00,6.000000000000000000e+00,4.699171863363013557e+01
2.070000000000000000e+02,1.100000000000000000e+01,2.000000000000000000e+00,7.119056318179445952e+01
2.080000000000000000e+02,2.000000000000000000e+00,1.100000000000000000e+01,6.889878015454918625e+01
2.080000000000000000e+02,3.000000000000000000e+00,7.000000000000000000e+00,8.369273880642977304e+01
2.080000000000000000e+02,4.000000000000000000e+00,7.000000000000000000e+00,4.824221961244862911e+01
2.080000000000000000e+02,5.000000000000000000e+00,6.000000000000000000e+00,7.199276392624449272e+01
2.080000000000000000e+02,6.000000000000000000e+00,9.000000000000000000e+00,4.345446139620895565e+01
2.080000000000000000e+02,7.000000000000000000e+00,4.000000000000000000e+00,4.824221961244862911e+01
2.080000000000000000e+02,8.000000000000000000e+00,9.000000000000000000e+00,6.876489290018885470e+01
2.080000000000000000e+02,9.000000000000000000e+00,6.000000000000000000e+00,4.345446139620895565e+01
2.080000000000000000e+02,1.100000000000000000e+01,2.000000000000000000e+00,6.889878015454918625e+01
2.090000000000000000e+02,2.000000000000000000e+00,1.100000000000000000e+01,7.158222819092384270e+01
2.090000000000000000e+02,3.000000000000000000e+00,7.000000000000000000e+00,8.322465004861842885e+01
2.090000000000000000e+02,4.000000000000000000e+00,7.000000000000000000e+00,4.933637292939618391e+01
2.090000000000000000e+02,5.000000000000000000e+00,6.000000000000000000e+00,7.934787969206126945e+01
2.090000000000000000e+02,6.000000000000000000e+00,8.000000000000000000e+00,7.271362713513876486e+01
2.090000000000000000e+02,7.000000000000000000e+00,4.000000000000000000e+00,4.933637292939618391e+01
2.090000000000000000e+02,8.000000000000000000e+00,6.000000000000000000e+00,7.271362713513876486e+01
2.090000000000000000e+02,1.100000000000000000e+01,2.000000000000000000e+00,7.158222819092384270e+01
2.100000000000000000e+02,2.000000000000000000e+00,1.100000000000000000e+01,7.260299475371608935e+01
2.100000000000000000e+02,3.000000000000000000e+00,7.000000000000000000e+00,8.080366812227075002e+01
2.100000000000000000e+02,4.000000000000000000e+00,7.000000000000000000e+00,4.591429130009775150e+01
2.100000000000000000e+02,5.000000000000000000e+00,6.000000000000000000e+00,7.978841107958254497e+01
2.100000000000000000e+02,6.000000000000000000e+00,8.000000000000000000e+00,6.988516680452164564e+01
2.100000000000000000e+02,7.000000000000000000e+00,4.000000000000000000e+00,4.591429130009775150e+01
2.100000000000000000e+02,8.000000000000000000e+00,6.000000000000000000e+00,6.988516680452164564e+01
2.100000000000000000e+02,1.100000000000000000e+01,2.000000000000000000e+00,7.260299475371608935e+01
2.110000000000000000e+02,2.000000000000000000e+00,1.100000000000000000e+01,6.988005485945592454e+01
2.110000000000000000e+02,3.000000000000000000e+00,7.000000000000000000e+00,8.248472795848708472e+01
2.110000000000000000e+02,4.000000000000000000e+00,7.000000000000000000e+00,4.909992199191263040e+01
2.110000000000000000e+02,5.000000000000000000e+00,6.000000000000000000e+00,8.232297829957732915e+01
2.110000000000000000e+02,6.000000000000000000e+00,8.000000000000000000e+00,6.419160761546999083e+01
2.110000000000000000e+02,7.000000000000000000e+00,4.000000000000000000e+00,4.909992199191263040e+01
2.110000000000000000e+02,8.000000000000000000e+00,6.000000000000000000e+00,6.419160761546999083e+01
2.110000000000000000e+02,1.100000000000000000e+01,2.000000000000000000e+00,6.988005485945592454e+01
2.120000000000000000e+02,2.000000000000000000e+00,1.100000000000000000e+01,6.356999052704995279e+01
2.120000000000000000e+02,3.000000000000000000e+00,7.000000000000000000e+00,8.192344525962710122e+01
2.120000000000000000e+02,4.000000000000000000e+00,7.000000000000000000e+00,4.654220251636565564e+01
2.120000000000000000e+02,5.000000000000000000e+00,6.000000000000000000e+00,8.745890220373019019e+01
2.120000000000000000e+02,6.000000000000000000e+00,5.000000000000000000e+00,8.745890220373019019e+01
2.120000000000000000e+02,7.000000000000000000e+00,4.000000000000000000e+00,4.654220251636565564e+01
2.120000000000000000e+02,1.100000000000000000e+01,2.000000000000000000e+00,6.356999052704995279e+01
2.130000000000000000e+02,2.000000000000000000e+00,1.100000000000000000e+01,6.052579806323319644e+01
2.130000000000000000e+02,3.000000000000000000e+00,7.000000000000000000e+00,8.079478464992855891e+01
2.130000000000000000e+02,4.000000000000000000e+00,7.000000000000000000e+00,4.462751741012609585e+01
2.130000000000000000e+02,5.000000000000000000e+00,6.000000000000000000e+00,9.250287277701778521e+01
2.130000000000000000e+02,6.000000000000000000e+00,5.000000000000000000e+00,9.250287277701778521e+01
2.130000000000000000e+02,7.000000000000000000e+00,4.000000000000000000e+00,4.462751741012609585e+01
2.130000000000000000e+02,1.100000000000000000e+01,2.000000000000000000e+00,6.052579806323319644e+01
2.140000000000000000e+02,2.000000000000000000e+00,1.100000000000000000e+01,5.914503816793894231e+01
2.140000000000000000e+02,3.000000000000000000e+00,7.000000000000000000e+00,8.198827204148986425e+01
2.140000000000000000e+02,4.000000000000000000e+00,7.000000000000000000e+00,4.487143461445491965e+01
2.140000000000000000e+02,5.000000000000000000e+00,6.000000000000000000e+00,9.382520123839009329e+01
2.140000000000000000e+02,6.000000000000000000e+00,5.000000000000000000e+00,9.382520123839009329e+01
2.140000000000000000e+02,7.000000000000000000e+00,4.000000000000000000e+00,4.487143461445491965e+01
2.140000000000000000e+02,1.100000000000000000e+01,2.000000000000000000e+00,5.914503816793894231e+01
2.150000000000000000e+02,2.000000000000000000e+00,1.100000000000000000e+01,5.243421052631579471e+01
2.150000000000000000e+02,3.000000000000000000e+00,7.000000000000000000e+00,8.247809949216983227e+01
2.150000000000000000e+02,4.000000000000000000e+00,7.000000000000000000e+00,4.595179113539769844e+01
2.150000000000000000e+02,5.000000000000000000e+00,6.000000000000000000e+00,9.388701851894035144e+01
2.150000000000000000e+02,6.000000000000000000e+00,5.000000000000000000e+00,9.388701851894035144e+01
2.150000000000000000e+02,7.000000000000000000e+00,4.000000000000000000e+00,4.595179113539769844e+01
2.150000000000000000e+02,1.100000000000000000e+01,2.000000000000000000e+00,5.243421052631579471e+01
2.160000000000000000e+02,2.000000000000000000e+00,3.000000000000000000e+00,1.397749071666783891e+02
2.160000000000000000e+02,3.000000000000000000e+00,7.000000000000000000e+00,8.143978748524202160e+01
2.160000000000000000e+02,4.000000000000000000e+00,7.000000000000000000e+00,4.532780952380952755e+01
2.160000000000000000e+02,5.000000000000000000e+00,6.000000000000000000e+00,9.290529882562394448e+01
2.160000000000000000e+02,6.000000000000000000e+00,5.000000000000000000e+00,9.290529882562394448e+01
2.160000000000000000e+02,7.000000000000000000e+00,4.000000000000000000e+00,4.532780952380952755e+01
2.170000000000000000e+02,2.000000000000000000e+00,3.000000000000000000e+00,1.375794522959311905e+02
2.170000000000000000e+02,3.000000000000000000e+00,7.000000000000000000e+00,8.096482790428876797e+01
2.170000000000000000e+02,4.000000000000000000e+00,7.000000000000000000e+00,4.351138576779025868e+01
2.170000000000000000e+02,5.000000000000000000e+00,6.000000000000000000e+00,9.258874674825588613e+01
2.170000000000000000e+02,6.000000000000000000e+00,4.000000000000000000e+00,8.857104166666667311e+01
2.170000000000000000e+02,7.000000000000000000e+00,4.000000000000000000e+00,4.351138576779025868e+01
2.180000000000000000e+02,2.000000000000000000e+00,3.000000000000000000e+00,1.354335264068494382e+02
2.180000000000000000e+02,3.000000000000000000e+00,7.000000000000000000e+00,8.014538681948425847e+01
2.180000000000000000e+02,4.000000000000000000e+00,7.000000000000000000e+00,4.421161290322581294e+01
2.180000000000000000e+02,5.000000000000000000e+00,6.000000000000000000e+00,9.171311533175941122e+01
2.180000000000000000e+02,6.000000000000000000e+00,4.000000000000000000e+00,8.940802936811684276e+01
2.180000000000000000e+02,7.000000000000000000e+00,4.000000000000000000e+00,4.421161290322581294e+01
2.190000000000000000e+02,2.000000000000000000e+00,3.000000000000000000e+00,1.342620776214526188e+02
2.190000000000000000e+02,3.000000000000000000e+00,7.000000000000000000e+00,7.892857216114211383e+01
2.190000000000000000e+02,4.000000000000000000e+00,7.000000000000000000e+00,4.468418140135445071e+01
2.190000000000000000e+02,5.000000000000000000e+00,6.000000000000000000e+00,9.099335192657646587e+01
2.190000000000000000e+02,6.000000000000000000e+00,4.000000000000000000e+00,8.935060827250609350e+01
2.190000000000000000e+02,7.000000000000000000e+00,4.000000000000000000e+00,4.468418140135445071e+01
2.200000000000000000e+02,1.000000000000000000e+00,2.000000000000000000e+00,3.660912331944501830e+01
2.200000000000000000e+02,2.000000000000000000e+00,1.000000000000000000e+00,3.660912331944501830e+01
2.200000000000000000e+02,3.000000000000000000e+00,7.000000000000000000e+00,7.899857749888465719e+01
2.200000000000000000e+02,4.000000000000000000e+00,7.000000000000000000e+00,4.379716870657425432e+01
2.200000000000000000e+02,5.000000000000000000e+00,6.000000000000000000e+00,9.029534734133790153e+01
2.200000000000000000e+02,6.000000000000000000e+00,4.000000000000000000e+00,8.903875644235733944e+01
2.200000000000000000e+02,7.000000000000000000e+00,4.000000000000000000e+00,4.379716870657425432e+01
2.210000000000000000e+02,1.000000000000000000e+00,2.000000000000000000e+00,3.261313932980600327e+01
2.210000000000000000e+02,2.000000000000000000e+00,1.000000000000000000e+00,3.261313932980600327e+01
2.210000000000000000e+02,3.000000000000000000e+00,7.000000000000000000e+00,8.013634584593488341e+01
2.210000000000000000e+02,4.000000000000000000e+00,7.000000000000000000e+00,4.294444444444443576e+01
2.210000000000000000e+02,5.000000000000000000e+00,6.000000000000000000e+00,8.883462914377230391e+01
2.210000000000000000e+02,6.000000000000000000e+00,4.000000000000000000e+00,8.828440656565656752e+01
2.210000000000000000e+02,7.000000000000000000e+00,4.000000000000000000e+00,4.294444444444443576e+01
2.220000000000000000e+02,1.000000000000000000e+00,2.000000000000000000e+00,3.351013257575759496e+01
2.220000000000000000e+02,2.000000000000000000e+00,1.000000000000000000e+00,3.351013257575759496e+01
2.220000000000000000e+02,3.000000000000000000e+00,7.000000000000000000e+00,8.028149245689655800e+01
2.220000000000000000e+02,4.000000000000000000e+00,7.000000000000000000e+00,4.236249621670701515e+01
2.220000000000000000e+02,5.000000000000000000e+00,6.000000000000000000e+00,8.771577400281920234e+01
2.220000000000000000e+02,6.000000000000000000e+00,5.000000000000000000e+00,8.771577400281920234e+01
2.220000000000000000e+02,7.000000000000000000e+00,4.000000000000000000e+00,4.236249621670701515e+01
2.230000000000000000e+02,1.000000000000000000e+00,2.000000000000000000e+00,3.540027537936375523e+01
2.230000000000000000e+02,2.000000000000000000e+00,1.000000000000000000e+00,3.540027537936375523e+01
2.230000000000000000e+02,3.000000000000000000e+00,7.000000000000000000e+00,7.947028543440730175e+01
2.230000000000000000e+02,4.000000000000000000e+00,7.000000000000000000e+00,4.149728947973335380e+01
2.230000000000000000e+02,5.000000000000000000e+00,6.000000000000000000e+00,8.763231105469822069e+01
2.230000000000000000e+02,6.000000000000000000e+00,5.000000000000000000e+00,8.763231105469822069e+01
2.230000000000000000e+02,7.000000000000000000e+00,4.000000000000000000e+00,4.149728947973335380e+01
2.240000000000000000e+02,1.000000000000000000e+00,2.000000000000000000e+00,3.575734702093395612e+01
2.240000000000000000e+02,2.000000000000000000e+00,1.000000000000000000e+00,3.575734702093395612e+01
2.240000000000000000e+02,3.000000000000000000e+00,7.000000000000000000e+00,8.037331394252908012e+01
2.240000000000000000e+02,4.000000000000000000e+00,7.000000000000000000e+00,4.005112558908018627e+01
2.240000000000000000e+02,5.000000000000000000e+00,6.000000000000000000e+00,8.788915255161879259e+01
2.240000000000000000e+02,6.000000000000000000e+00,4.000000000000000000e+00,8.734309985914265440e+01
2.240000000000000000e+02,7.000000000000000000e+00,4.000000000000000000e+00,4.005112558908018627e+01
2.250000000000000000e+02,1.000000000000000000e+00,2.000000000000000000e+00,3.832719991889700140e+01
2.250000000000000000e+02,2.000000000000000000e+00,1.000000000000000000e+00,3.832719991889700140e+01
2.250000000000000000e+02,3.000000000000000000e+00,7.000000000000000000e+00,7.997277608599745236e+01
2.250000000000000000e+02,4.000000000000000000e+00,7.000000000000000000e+00,3.876222396602249631e+01
2.250000000000000000e+02,5.000000000000000000e+00,6.000000000000000000e+00,8.797980774325657194e+01
2.250000000000000000e+02,6.000000000000000000e+00,4.000000000000000000e+00,8.625834097003021839e+01
2.250000000000000000e+02,7.000000000000000000e+00,4.000000000000000000e+00,3.876222396602249631e+01
2.260000000000000000e+02,1.000000000000000000e+00,2.000000000000000000e+00,3.882381385796636408e+01
2.260000000000000000e+02,2.000000000000000000e+00,1.000000000000000000e+00,3.882381385796636408e+01
2.260000000000000000e+02,3.000000000000000000e+00,7.000000000000000000e+00,7.860950029773718484e+01
2.260000000000000000e+02,4.000000000000000000e+00,7.000000000000000000e+00,3.967636980843401062e+01
2.260000000000000000e+02,5.000000000000000000e+00,6.000000000000000000e+00,8.791950104063973015e+01
2.260000000000000000e+02,6.000000000000000000e+00,4.000000000000000000e+00,8.355422570488047995e+01
2.260000000000000000e+02,7.000000000000000000e+00,4.000000000000000000e+00,3.967636980843401062e+01
2.270000000000000000e+02,1.000000000000000000e+00,2.000000000000000000e+00,3.910120696255265216e+01
2.270000000000000000e+02,2.000000000000000000e+00,1.000000000000000000e+00,3.910120696255265216e+01
2.270000000000000000e+02,3.000000000000000000e+00,7.000000000000000000e+00,8.029832940101985628e+01
2.270000000000000000e+02,4.000000000000000000e+00,7.000000000000000000e+00,3.768128390596744737e+01
2.270000000000000000e+02,5.000000000000000000e+00,6.000000000000000000e+00,8.721410994933360428e+01
2.270000000000000000e+02,6.000000000000000000e+00,4.000000000000000000e+00,8.131124856156502290e+01
2.270000000000000000e+02,7.000000000000000000e+00,4.000000000000000000e+00,3.768128390596744737e+01
2.280000000000000000e+02,1.000000000000000000e+00,2.000000000000000000e+00,3.639106108944817919e+01
2.280000000000000000e+02,2.000000000000000000e+00,1.000000000000000000e+00,3.639106108944817919e+01
2.280000000000000000e+02,3.000000000000000000e+00,7.000000000000000000e+00,8.251691058814346036e+01
2.280000000000000000e+02,4.000000000000000000e+00,7.000000000000000000e+00,3.813100233100233538e+01
2.280000000000000000e+02,5.000000000000000000e+00,6.000000000000000000e+00,8.611230641624342752e+01
2.280000000000000000e+02,6.000000000000000000e+00,4.000000000000000000e+00,8.249360269360268205e+01
2.280000000000000000e+02,7.000000000000000000e+00,4.000000000000000000e+00,3.813100233100233538e+01
2.290000000000000000e+02,1.000000000000000000e+00,2.000000000000000000e+00,3.855055896709179564e+01
2.290000000000000000e+02,2.000000000000000000e+00,1.000000000000000000e+00,3.855055896709179564e+01
2.290000000000000000e+02,3.000000000000000000e+00,7.000000000000000000e+00,8.271928421392794917e+01
2.290000000000000000e+02,4.000000000000000000e+00,7.000000000000000000e+00,3.969971139971139706e+01
2.290000000000000000e+02,5.000000000000000000e+00,6.000000000000000000e+00,8.536841931592026356e+01
2.290000000000000000e+02,6.000000000000000000e+00,4.000000000000000000e+00,8.336666666666667425e+01
2.290000000000000000e+02,7.000000000000000000e+00,4.000000000000000000e+00,3.969971139971139706e+01
2.300000000000000000e+02,1.000000000000000000e+00,2.000000000000000000e+00,4.057599778222487430e+01
2.300000000000000000e+02,2.000000000000000000e+00,1.000000000000000000e+00,4.057599778222487430e+01
2.300000000000000000e+02,3.000000000000000000e+00,7.000000000000000000e+00,8.378284312156611691e+01
2.300000000000000000e+02,4.000000000000000000e+00,7.000000000000000000e+00,4.368130081300812151e+01
2.300000000000000000e+02,5.000000000000000000e+00,6.000000000000000000e+00,8.425428514146966563e+01
2.300000000000000000e+02,6.000000000000000000e+00,5.000000000000000000e+00,8.425428514146966563e+01
2.300000000000000000e+02,7.000000000000000000e+00,4.000000000000000000e+00,4.368130081300812151e+01
2.310000000000000000e+02,1.000000000000000000e+00,2.000000000000000000e+00,4.068829559535878104e+01
2.310000000000000000e+02,2.000000000000000000e+00,1.000000000000000000e+00,4.068829559535878104e+01
2.310000000000000000e+02,3.000000000000000000e+00,7.000000000000000000e+00,8.108784188619202382e+01
2.310000000000000000e+02,4.000000000000000000e+00,7.000000000000000000e+00,4.454232465500070504e+01
2.310000000000000000e+02,5.000000000000000000e+00,6.000000000000000000e+00,8.412187326229044970e+01
2.310000000000000000e+02,6.000000000000000000e+00,5.000000000000000000e+00,8.412187326229044970e+01
2.310000000000000000e+02,7.000000000000000000e+00,4.000000000000000000e+00,4.454232465500070504e+01
2.320000000000000000e+02,1.000000000000000000e+00,2.000000000000000000e+00,4.120433436532506732e+01
2.320000000000000000e+02,2.000000000000000000e+00,1.000000000000000000e+00,4.120433436532506732e+01
2.320000000000000000e+02,3.000000000000000000e+00,7.000000000000000000e+00,7.841390407561252118e+01
2.320000000000000000e+02,4.000000000000000000e+00,7.000000000000000000e+00,4.544365080957445002e+01
2.320000000000000000e+02,5.000000000000000000e+00,6.000000000000000000e+00,8.333914186396219748e+01
2.320000000000000000e+02,6.000000000000000000e+00,5.000000000000000000e+00,8.333914186396219748e+01
2.320000000000000000e+02,7.000000000000000000e+00,4.000000000000000000e+00,4.544365080957445002e+01
2.330000000000000000e+02,1.000000000000000000e+00,2.000000000000000000e+00,3.977505446623094798e+01
2.330000000000000000e+02,2.000000000000000000e+00,1.000000000000000000e+00,3.977505446623094798e+01
2.330000000000000000e+02,3.000000000000000000e+00,7.000000000000000000e+00,7.730288713910761089e+01
2.330000000000000000e+02,4.000000000000000000e+00,7.000000000000000000e+00,4.531382188337568095e+01
2.330000000000000000e+02,5.000000000000000000e+00,6.000000000000000000e+00,8.661308709615069290e+01
2.330000000000000000e+02,6.000000000000000000e+00,4.000000000000000000e+00,7.867660014383315570e+01
2.330000000000000000e+02,7.000000000000000000e+00,4.000000000000000000e+00,4.531382188337568095e+01
2.340000000000000000e+02,1.000000000000000000e+00,3.000000000000000000e+00,9.123928214180639884e+01
2.340000000000000000e+02,3.000000000000000000e+00,7.000000000000000000e+00,7.836452786153051875e+01
2.340000000000000000e+02,4.000000000000000000e+00,7.000000000000000000e+00,4.699859670530811684e+01
2.340000000000000000e+02,5.000000000000000000e+00,6.000000000000000000e+00,8.300867339647285803e+01
2.340000000000000000e+02,6.000000000000000000e+00,4.000000000000000000e+00,8.008430296377608215e+01
2.340000000000000000e+02,7.000000000000000000e+00,4.000000000000000000e+00,4.699859670530811684e+01
2.350000000000000000e+02,1.000000000000000000e+00,3.000000000000000000e+00,8.688775403964683619e+01
2.350000000000000000e+02,3.000000000000000000e+00,7.000000000000000000e+00,7.728746938150644041e+01
2.350000000000000000e+02,4.000000000000000000e+00,7.000000000000000000e+00,4.777542112931672591e+01
2.350000000000000000e+02,5.000000000000000000e+00,6.000000000000000000e+00,7.893640763442165564e+01
2.350000000000000000e+02,6.000000000000000000e+00,5.000000000000000000e+00,7.893640763442165564e+01
2.350000000000000000e+02,7.000000000000000000e+00,4.000000000000000000e+00,4.777542112931672591e+01
2.360000000000000000e+02,1.000000000000000000e+00,3.000000000000000000e+00,8.413719094043074165e+01
2.360000000000000000e+02,3.000000000000000000e+00,7.000000000000000000e+00,7.643675625807703966e+01
2.360000000000000000e+02,4.000000000000000000e+00,7.000000000000000000e+00,4.603153413787403281e+01
2.360000000000000000e+02,5.000000000000000000e+00,6.000000000000000000e+00,7.578629123580664384e+01
2.360000000000000000e+02,6.000000000000000000e+00,5.000000000000000000e+00,7.578629123580664384e+01
2.360000000000000000e+02,7.000000000000000000e+00,4.000000000000000000e+00,4.603153413787403281e+01
2.370000000000000000e+02,1.000000000000000000e+00,3.000000000000000000e+00,8.434910971000918778e+01
2.370000000000000000e+02,3.000000000000000000e+00,7.000000000000000000e+00,7.647694164048142795e+01
2.370000000000000000e+02,4.000000000000000000e+00,7.000000000000000000e+00,4.597087210532728818e+01
2.370000000000000000e+02,5.000000000000000000e+00,6.000000000000000000e+00,7.292955817217773529e+01
2.370000000000000000e+02,6.000000000000000000e+00,5.000000000000000000e+00,7.292955817217773529e+01
2.370000000000000000e+02,7.000000000000000000e+00,4.000000000000000000e+00,4.597087210532728818e+01
2.380000000000000000e+02,1.000000000000000000e+00,3.000000000000000000e+00,8.521389499145641366e+01
2.380000000000000000e+02,3.000000000000000000e+00,7.000000000000000000e+00,7.596677725389400848e+01
2.380000000000000000e+02,4.000000000000000000e+00,7.000000000000000000e+00,4.540833338619941628e+01
2.380000000000000000e+02,5.000000000000000000e+00,6.000000000000000000e+00,6.853339152605822449e+01
2.380000000000000000e+02,6.000000000000000000e+00,5.000000000000000000e+00,6.853339152605822449e+01
2.380000000000000000e+02,7.000000000000000000e+00,4.000000000000000000e+00,4.540833338619941628e+01
2.390000000000000000e+02,1.000000000000000000e+00,3.000000000000000000e+00,8.859901714065132694e+01
2.390000000000000000e+02,3.000000000000000000e+00,7.000000000000000000e+00,7.827156553607633782e+01
2.390000000000000000e+02,4.000000000000000000e+00,7.000000000000000000e+00,4.402358159442887597e+01
2.390000000000000000e+02,5.000000000000000000e+00,6.000000000000000000e+00,6.587474230903038119e+01
2.390000000000000000e+02,6.000000000000000000e+00,5.000000000000000000e+00,6.587474230903038119e+01
2.390000000000000000e+02,7.000000000000000000e+00,4.000000000000000000e+00,4.402358159442887597e+01
2.400000000000000000e+02,1.000000000000000000e+00,3.000000000000000000e+00,9.083588399892001064e+01
2.400000000000000000e+02,3.000000000000000000e+00,7.000000000000000000e+00,7.940674122935340051e+01
2.400000000000000000e+02,4.000000000000000000e+00,7.000000000000000000e+00,4.257497064315553104e+01
2.400000000000000000e+02,5.000000000000000000e+00,6.000000000000000000e+00,6.551912610630894562e+01
2.400000000000000000e+02,6.000000000000000000e+00,5.000000000000000000e+00,6.551912610630894562e+01
2.400000000000000000e+02,7.000000000000000000e+00,4.000000000000000000e+00,4.257497064315553104e+01
2.410000000000000000e+02,1.000000000000000000e+00,3.000000000000000000e+00,8.981435037687465694e+01
2.410000000000000000e+02,3.000000000000000000e+00,7.000000000000000000e+00,8.081837021136063015e+01
2.410000000000000000e+02,4.000000000000000000e+00,7.000000000000000000e+00,3.990700757575757507e+01
2.410000000000000000e+02,5.000000000000000000e+00,6.000000000000000000e+00,6.683610101421921001e+01
2.410000000000000000e+02,6.000000000000000000e+00,5.000000000000000000e+00,6.683610101421921001e+01
2.410000000000000000e+02,7.000000000000000000e+00,4.000000000000000000e+00,3.990700757575757507e+01
2.420000000000000000e+02,1.000000000000000000e+00,3.000000000000000000e+00,9.534930595720069846e+01
2.420000000000000000e+02,3.000000000000000000e+00,7.000000000000000000e+00,8.012058446285574576e+01
2.420000000000000000e+02,4.000000000000000000e+00,7.000000000000000000e+00,4.011329927438762866e+01
2.420000000000000000e+02,5.000000000000000000e+00,6.000000000000000000e+00,6.952791089905406352e+01
2.420000000000000000e+02,6.000000000000000000e+00,5.000000000000000000e+00,6.952791089905406352e+01
2.420000000000000000e+02,7.000000000000000000e+00,4.000000000000000000e+00,4.011329927438762866e+01
2.430000000000000000e+02,1.000000000000000000e+00,2.000000000000000000e+00,2.891468321295265298e+01
2.430000000000000000e+02,2.000000000000000000e+00,1.000000000000000000e+00,2.891468321295265298e+01
2.430000000000000000e+02,3.000000000000000000e+00,7.000000000000000000e+00,8.009365130937683830e+01
2.430000000000000000e+02,4.000000000000000000e+00,7.000000000000000000e+00,3.982093772369363194e+01
2.430000000000000000e+02,5.000000000000000000e+00,6.000000000000000000e+00,7.423151150735606052e+01
2.430000000000000000e+02,6.000000000000000000e+00,5.000000000000000000e+00,7.423151150735606052e+01
2.430000000000000000e+02,7.000000000000000000e+00,4.000000000000000000e+00,3.982093772369363194e+01
2.440000000000000000e+02,1.000000000000000000e+00,2.000000000000000000e+00,2.829147394817497485e+01
2.440000000000000000e+02,2.000000000000000000e+00,1.000000000000000000e+00,2.829147394817497485e+01
2.440000000000000000e+02,3.000000000000000000e+00,7.000000000000000000e+00,7.978468913948017871e+01
2.440000000000000000e+02,4.000000000000000000e+00,7.000000000000000000e+00,4.006247204968943976e+01
2.440000000000000000e+02,5.000000000000000000e+00,6.000000000000000000e+00,7.879363258560769623e+01
2.440000000000000000e+02,6.000000000000000000e+00,5.000000000000000000e+00,7.879363258560769623e+01
2.440000000000000000e+02,7.000000000000000000e+00,4.000000000000000000e+00,4.006247204968943976e+01
2.450000000000000000e+02,1.000000000000000000e+00,2.000000000000000000e+00,2.669152233566263988e+01
2.450000000000000000e+02,2.000000000000000000e+00,1.000000000000000000e+00,2.669152233566263988e+01
2.450000000000000000e+02,3.000000000000000000e+00,7.000000000000000000e+00,7.869366736932482809e+01
2.450000000000000000e+02,4.000000000000000000e+00,7.000000000000000000e+00,3.793940963550819845e+01
2.450000000000000000e+02,5.000000000000000000e+00,6.000000000000000000e+00,8.080867990247300270e+01
2.450000000000000000e+02,6.000000000000000000e+00,4.000000000000000000e+00,8.072806661817493534e+01
2.450000000000000000e+02,7.000000000000000000e+00,4.000000000000000000e+00,3.793940963550819845e+01
2.460000000000000000e+02,1.000000000000000000e+00,2.000000000000000000e+00,1.848588687534321906e+01
2.460000000000000000e+02,2.000000000000000000e+00,1.000000000000000000e+00,1.848588687534321906e+01
2.460000000000000000e+02,3.000000000000000000e+00,7.000000000000000000e+00,7.780776844088732958e+01
2.460000000000000000e+02,4.000000000000000000e+00,7.000000000000000000e+00,3.518015219754620659e+01
2.460000000000000000e+02,5.000000000000000000e+00,6.000000000000000000e+00,8.307992919901957407e+01
2.460000000000000000e+02,6.000000000000000000e+00,4.000000000000000000e+00,8.302131078416847743e+01
2.460000000000000000e+02,7.000000000000000000e+00,4.000000000000000000e+00,3.518015219754620659e+01
2.470000000000000000e+02,1.000000000000000000e+00,2.000000000000000000e+00,1.947768026665541186e+01
2.470000000000000000e+02,2.000000000000000000e+00,1.000000000000000000e+00,1.947768026665541186e+01
2.470000000000000000e+02,3.000000000000000000e+00,7.000000000000000000e+00,7.722631607965395517e+01
2.470000000000000000e+02,4.000000000000000000e+00,7.000000000000000000e+00,3.447070951472191780e+01
2.470000000000000000e+02,5.000000000000000000e+00,6.000000000000000000e+00,8.564061440243160916e+01
2.470000000000000000e+02,6.000000000000000000e+00,5.000000000000000000e+00,8.564061440243160916e+01
2.470000000000000000e+02,7.000000000000000000e+00,4.000000000000000000e+00,3.447070951472191780e+01
2.480000000000000000e+02,1.000000000000000000e+00,2.000000000000000000e+00,2.009594251901946649e+01
2.480000000000000000e+02,2.000000000000000000e+00,1.000000000000000000e+00,2.009594251901946649e+01
2.480000000000000000e+02,3.000000000000000000e+00,7.000000000000000000e+00,7.529622127982781876e+01
2.480000000000000000e+02,4.000000000000000000e+00,7.000000000000000000e+00,3.511491290903056495e+01
2.480000000000000000e+02,5.000000000000000000e+00,6.000000000000000000e+00,8.912821759259259125e+01
2.480000000000000000e+02,6.000000000000000000e+00,5.000000000000000000e+00,8.912821759259259125e+01
2.480000000000000000e+02,7.000000000000000000e+00,4.000000000000000000e+00,3.511491290903056495e+01
2.490000000000000000e+02,1.000000000000000000e+00,2.000000000000000000e+00,2.531844155844154898e+01
2.490000000000000000e+02,2.000000000000000000e+00,1.000000000000000000e+00,2.531844155844154898e+01
2.490000000000000000e+02,3.000000000000000000e+00,7.000000000000000000e+00,7.454600601918616576e+01
2.490000000000000000e+02,4.000000000000000000e+00,7.000000000000000000e+00,3.474763788178422885e+01
2.490000000000000000e+02,5.000000000000000000e+00,6.000000000000000000e+00,8.898080430522966822e+01
2.490000000000000000e+02,6.000000000000000000e+00,5.000000000000000000e+00,8.898080430522966822e+01
2.490000000000000000e+02,7.000000000000000000e+00,4.000000000000000000e+00,3.474763788178422885e+01
